County Code,County Name,Const Code,Const Name,CAW Code,CAW Name,Reg Centre Code,Reg Centre Name,Polling Station Code,Polling Station Name,Registered Voters
36,BOMET,194.0,SOTIK,966.0,NDANAI/ABOSI,1,KAPSOSURWO PRIMARY,36194096600101,KAPSOSURWO PRIMARY,563
36,BOMET,194.0,SOTIK,966.0,NDANAI/ABOSI,2,CHESAMBAI PRIMARY,36194096600201,CHESAMBAI PRIMARY,396
36,BOMET,194.0,SOTIK,966.0,NDANAI/ABOSI,2,CHESAMBAI PRIMARY,36194096600202,CHESAMBAI PRIMARY,395
36,BOMET,194.0,SOTIK,966.0,NDANAI/ABOSI,3,GORGOR PRIMARY,36194096600301,GORGOR PRIMARY,518
36,BOMET,194.0,SOTIK,966.0,NDANAI/ABOSI,3,GORGOR PRIMARY,36194096600302,GORGOR PRIMARY,517
36,BOMET,194.0,SOTIK,966.0,NDANAI/ABOSI,4,KIBIBO PRIMARY SCHOOL,36194096600401,KIBIBO PRIMARY SCHOOL,544
36,BOMET,194.0,SOTIK,966.0,NDANAI/ABOSI,5,TABARIT PRIMARY,36194096600501,TABARIT PRIMARY,383
36,BOMET,194.0,SOTIK,966.0,NDANAI/ABOSI,5,TABARIT PRIMARY,36194096600502,TABARIT PRIMARY,383
36,BOMET,194.0,SOTIK,966.0,NDANAI/ABOSI,6,NGURWO PRIMARY,36194096600601,NGURWO PRIMARY,382
36,BOMET,194.0,SOTIK,966.0,NDANAI/ABOSI,7,KENEGUT PRIMARY,36194096600701,KENEGUT PRIMARY,487
36,BOMET,194.0,SOTIK,966.0,NDANAI/ABOSI,8,KELONGET VALLEY PRIMARY,36194096600801,KELONGET VALLEY PRIMARY,452
36,BOMET,194.0,SOTIK,966.0,NDANAI/ABOSI,9,GELEGELE PRIMARY,36194096600901,GELEGELE PRIMARY,582
36,BOMET,194.0,SOTIK,966.0,NDANAI/ABOSI,10,SERTWET PRIMARY,36194096601001,SERTWET PRIMARY,217
36,BOMET,194.0,SOTIK,966.0,NDANAI/ABOSI,11,KOIYET PRIMARY,36194096601101,KOIYET PRIMARY,201
36,BOMET,194.0,SOTIK,966.0,NDANAI/ABOSI,12,KIPSIMBOL PRIMARY,36194096601201,KIPSIMBOL PRIMARY,340
36,BOMET,194.0,SOTIK,966.0,NDANAI/ABOSI,13,KAPLELACH PRIMARY,36194096601301,KAPLELACH PRIMARY,612
36,BOMET,194.0,SOTIK,966.0,NDANAI/ABOSI,14,KORONGORO NUR.SCH,36194096601401,KORONGORO NUR.SCH,178
36,BOMET,194.0,SOTIK,966.0,NDANAI/ABOSI,15,KAPLOMBOI PRIMARY,36194096601501,KAPLOMBOI PRIMARY,375
36,BOMET,194.0,SOTIK,966.0,NDANAI/ABOSI,15,KAPLOMBOI PRIMARY,36194096601502,KAPLOMBOI PRIMARY,375
36,BOMET,194.0,SOTIK,966.0,NDANAI/ABOSI,16,KAPCHEMIBEI PRIMARY,36194096601601,KAPCHEMIBEI PRIMARY,634
36,BOMET,194.0,SOTIK,966.0,NDANAI/ABOSI,17,KAMEGUNYET PRIMARY,36194096601701,KAMEGUNYET PRIMARY,445
36,BOMET,194.0,SOTIK,966.0,NDANAI/ABOSI,18,KIPSINGEI PRIMARY,36194096601801,KIPSINGEI PRIMARY,381
36,BOMET,194.0,SOTIK,966.0,NDANAI/ABOSI,18,KIPSINGEI PRIMARY,36194096601802,KIPSINGEI PRIMARY,380
36,BOMET,194.0,SOTIK,966.0,NDANAI/ABOSI,19,KAPSIONGO PRIMARY,36194096601901,KAPSIONGO PRIMARY,523
36,BOMET,194.0,SOTIK,966.0,NDANAI/ABOSI,20,MORIKO PRIMARY,36194096602001,MORIKO PRIMARY,475
36,BOMET,194.0,SOTIK,966.0,NDANAI/ABOSI,21,SUGUTEK PRIMARY,36194096602101,SUGUTEK PRIMARY,364
36,BOMET,194.0,SOTIK,966.0,NDANAI/ABOSI,22,KAMUGENO PRIMARY,36194096602201,KAMUGENO PRIMARY,378
36,BOMET,194.0,SOTIK,966.0,NDANAI/ABOSI,23,NDANAI PRIMARY,36194096602301,NDANAI PRIMARY,617
36,BOMET,194.0,SOTIK,966.0,NDANAI/ABOSI,23,NDANAI PRIMARY,36194096602302,NDANAI PRIMARY,616
36,BOMET,194.0,SOTIK,966.0,NDANAI/ABOSI,24,TAKITECH PRIMARY SCHOOL,36194096602401,TAKITECH PRIMARY SCHOOL,349
36,BOMET,194.0,SOTIK,966.0,NDANAI/ABOSI,25,KAGASIK PRIMARY,36194096602501,KAGASIK PRIMARY,599
36,BOMET,194.0,SOTIK,966.0,NDANAI/ABOSI,26,SOMOE PRIMARY,36194096602601,SOMOE PRIMARY,423
36,BOMET,194.0,SOTIK,966.0,NDANAI/ABOSI,27,KIPTENDEN PRIMARY,36194096602701,KIPTENDEN PRIMARY,355
36,BOMET,194.0,SOTIK,966.0,NDANAI/ABOSI,28,SOIMOSIEK PRIMARY,36194096602801,SOIMOSIEK PRIMARY,249
36,BOMET,194.0,SOTIK,966.0,NDANAI/ABOSI,29,ROTIK PRIMARY,36194096602901,ROTIK PRIMARY,378
36,BOMET,194.0,SOTIK,966.0,NDANAI/ABOSI,30,CHEPKALWAL PRIMARY,36194096603001,CHEPKALWAL PRIMARY,447
36,BOMET,194.0,SOTIK,966.0,NDANAI/ABOSI,31,MOSONIK PRIMARY,36194096603101,MOSONIK PRIMARY,663
36,BOMET,194.0,SOTIK,966.0,NDANAI/ABOSI,32,TUIYOTICH PRIMARY,36194096603201,TUIYOTICH PRIMARY,518
36,BOMET,194.0,SOTIK,966.0,NDANAI/ABOSI,142,MOITA PRI SCH,36194096614201,MOITA PRI SCH,154
36,BOMET,194.0,SOTIK,966.0,NDANAI/ABOSI,143,LALWET PRI SCH,36194096614301,LALWET PRI SCH,106
36,BOMET,194.0,SOTIK,966.0,NDANAI/ABOSI,144,CHEPKEIGEI PRI SCH,36194096614401,CHEPKEIGEI PRI SCH,95
36,BOMET,194.0,SOTIK,967.0,CHEMAGEL,33,KIPTAPSIR PRIMARY,36194096703301,KIPTAPSIR PRIMARY,544
36,BOMET,194.0,SOTIK,967.0,CHEMAGEL,34,NYATEMBE TBC,36194096703401,NYATEMBE TBC,629
36,BOMET,194.0,SOTIK,967.0,CHEMAGEL,35,CHEBONGI PRIMARY,36194096703501,CHEBONGI PRIMARY,351
36,BOMET,194.0,SOTIK,967.0,CHEMAGEL,35,CHEBONGI PRIMARY,36194096703502,CHEBONGI PRIMARY,350
36,BOMET,194.0,SOTIK,967.0,CHEMAGEL,36,CHEBINYINY TBC,36194096703601,CHEBINYINY TBC,392
36,BOMET,194.0,SOTIK,967.0,CHEMAGEL,37,SOTIK CHAMBERS HALL,36194096703701,SOTIK CHAMBERS HALL,382
36,BOMET,194.0,SOTIK,967.0,CHEMAGEL,38,SOTIK PRIMARY,36194096703801,SOTIK PRIMARY,545
36,BOMET,194.0,SOTIK,967.0,CHEMAGEL,38,SOTIK PRIMARY,36194096703802,SOTIK PRIMARY,545
36,BOMET,194.0,SOTIK,967.0,CHEMAGEL,38,SOTIK PRIMARY,36194096703803,SOTIK PRIMARY,544
36,BOMET,194.0,SOTIK,967.0,CHEMAGEL,39,SOTIK VETERINARY,36194096703901,SOTIK VETERINARY,550
36,BOMET,194.0,SOTIK,967.0,CHEMAGEL,39,SOTIK VETERINARY,36194096703902,SOTIK VETERINARY,550
36,BOMET,194.0,SOTIK,967.0,CHEMAGEL,40,KIMASE PRIMARY,36194096704001,KIMASE PRIMARY,432
36,BOMET,194.0,SOTIK,967.0,CHEMAGEL,40,KIMASE PRIMARY,36194096704002,KIMASE PRIMARY,432
36,BOMET,194.0,SOTIK,967.0,CHEMAGEL,41,KAPCHEPKORO PRIMARY,36194096704101,KAPCHEPKORO PRIMARY,422
36,BOMET,194.0,SOTIK,967.0,CHEMAGEL,41,KAPCHEPKORO PRIMARY,36194096704102,KAPCHEPKORO PRIMARY,422
36,BOMET,194.0,SOTIK,967.0,CHEMAGEL,42,KAPCHOLYO PRIMARY,36194096704201,KAPCHOLYO PRIMARY,508
36,BOMET,194.0,SOTIK,967.0,CHEMAGEL,42,KAPCHOLYO PRIMARY,36194096704202,KAPCHOLYO PRIMARY,508
36,BOMET,194.0,SOTIK,967.0,CHEMAGEL,43,SIRIAT PRIMARY,36194096704301,SIRIAT PRIMARY,355
36,BOMET,194.0,SOTIK,967.0,CHEMAGEL,43,SIRIAT PRIMARY,36194096704302,SIRIAT PRIMARY,355
36,BOMET,194.0,SOTIK,967.0,CHEMAGEL,44,TUMBELYON PRIMARY,36194096704401,TUMBELYON PRIMARY,633
36,BOMET,194.0,SOTIK,967.0,CHEMAGEL,45,KIMOSO PRIMARY,36194096704501,KIMOSO PRIMARY,471
36,BOMET,194.0,SOTIK,967.0,CHEMAGEL,46,KAMIRAI PRIMARY,36194096704601,KAMIRAI PRIMARY,426
36,BOMET,194.0,SOTIK,967.0,CHEMAGEL,46,KAMIRAI PRIMARY,36194096704602,KAMIRAI PRIMARY,426
36,BOMET,194.0,SOTIK,967.0,CHEMAGEL,47,KAPLONG BOYS,36194096704701,KAPLONG BOYS,579
36,BOMET,194.0,SOTIK,967.0,CHEMAGEL,47,KAPLONG BOYS,36194096704702,KAPLONG BOYS,578
36,BOMET,194.0,SOTIK,967.0,CHEMAGEL,48,KAPLONG POLYTECHNIC,36194096704801,KAPLONG POLYTECHNIC,423
36,BOMET,194.0,SOTIK,967.0,CHEMAGEL,48,KAPLONG POLYTECHNIC,36194096704802,KAPLONG POLYTECHNIC,423
36,BOMET,194.0,SOTIK,967.0,CHEMAGEL,49,KAPSIMOTWO T.B.C,36194096704901,KAPSIMOTWO T.B.C,598
36,BOMET,194.0,SOTIK,967.0,CHEMAGEL,50,CHEPKOSIOM PRIMARY,36194096705001,CHEPKOSIOM PRIMARY,371
36,BOMET,194.0,SOTIK,967.0,CHEMAGEL,50,CHEPKOSIOM PRIMARY,36194096705002,CHEPKOSIOM PRIMARY,371
36,BOMET,194.0,SOTIK,967.0,CHEMAGEL,51,KIPTENDEN NURSERY,36194096705101,KIPTENDEN NURSERY,519
36,BOMET,194.0,SOTIK,967.0,CHEMAGEL,52,YAGANEK PRIMARY,36194096705201,YAGANEK PRIMARY,581
36,BOMET,194.0,SOTIK,967.0,CHEMAGEL,53,YAGANEK DISPENSARY,36194096705301,YAGANEK DISPENSARY,393
36,BOMET,194.0,SOTIK,967.0,CHEMAGEL,53,YAGANEK DISPENSARY,36194096705302,YAGANEK DISPENSARY,393
36,BOMET,194.0,SOTIK,967.0,CHEMAGEL,54,SOYMET PRIMARY,36194096705401,SOYMET PRIMARY,667
36,BOMET,194.0,SOTIK,967.0,CHEMAGEL,55,KURYOT PRIMARY,36194096705501,KURYOT PRIMARY,571
36,BOMET,194.0,SOTIK,967.0,CHEMAGEL,56,KIPAJIT PRIMARY,36194096705601,KIPAJIT PRIMARY,678
36,BOMET,194.0,SOTIK,967.0,CHEMAGEL,57,KIBORI PRIMARY,36194096705701,KIBORI PRIMARY,416
36,BOMET,194.0,SOTIK,967.0,CHEMAGEL,58,KAPCHEPKORO TEA BUYING CENTRE,36194096705801,KAPCHEPKORO TEA BUYING CENTRE,398
36,BOMET,194.0,SOTIK,967.0,CHEMAGEL,146,KAMIRAI TBC,36194096714601,KAMIRAI TBC,139
36,BOMET,194.0,SOTIK,968.0,KIPSONOI,59,LELDOK PRIMARY,36194096805901,LELDOK PRIMARY,314
36,BOMET,194.0,SOTIK,968.0,KIPSONOI,60,KAPKURES PRIMARY,36194096806001,KAPKURES PRIMARY,429
36,BOMET,194.0,SOTIK,968.0,KIPSONOI,60,KAPKURES PRIMARY,36194096806002,KAPKURES PRIMARY,428
36,BOMET,194.0,SOTIK,968.0,KIPSONOI,61,CHEMOGOI PRIMARY,36194096806101,CHEMOGOI PRIMARY,353
36,BOMET,194.0,SOTIK,968.0,KIPSONOI,62,KAPCHEPKOSIOM PRI,36194096806201,KAPCHEPKOSIOM PRI,696
36,BOMET,194.0,SOTIK,968.0,KIPSONOI,63,KAMUREITO PRIMARY,36194096806301,KAMUREITO PRIMARY,507
36,BOMET,194.0,SOTIK,968.0,KIPSONOI,63,KAMUREITO PRIMARY,36194096806302,KAMUREITO PRIMARY,507
36,BOMET,194.0,SOTIK,968.0,KIPSONOI,64,KAPTULWA PRIMARY,36194096806401,KAPTULWA PRIMARY,386
36,BOMET,194.0,SOTIK,968.0,KIPSONOI,64,KAPTULWA PRIMARY,36194096806402,KAPTULWA PRIMARY,385
36,BOMET,194.0,SOTIK,968.0,KIPSONOI,65,KINYELWET PRIMARY,36194096806501,KINYELWET PRIMARY,590
36,BOMET,194.0,SOTIK,968.0,KIPSONOI,66,BAMBANIK PRIMARY,36194096806601,BAMBANIK PRIMARY,502
36,BOMET,194.0,SOTIK,968.0,KIPSONOI,66,BAMBANIK PRIMARY,36194096806602,BAMBANIK PRIMARY,502
36,BOMET,194.0,SOTIK,968.0,KIPSONOI,67,KAPKELEI PRIMARY,36194096806701,KAPKELEI PRIMARY,452
36,BOMET,194.0,SOTIK,968.0,KIPSONOI,67,KAPKELEI PRIMARY,36194096806702,KAPKELEI PRIMARY,452
36,BOMET,194.0,SOTIK,968.0,KIPSONOI,68,KAPMAKITUI PRIMARY,36194096806801,KAPMAKITUI PRIMARY,288
36,BOMET,194.0,SOTIK,968.0,KIPSONOI,69,MOTIRET PRIMARY,36194096806901,MOTIRET PRIMARY,426
36,BOMET,194.0,SOTIK,968.0,KIPSONOI,69,MOTIRET PRIMARY,36194096806902,MOTIRET PRIMARY,426
36,BOMET,194.0,SOTIK,968.0,KIPSONOI,70,KAMENES PRIMARY,36194096807001,KAMENES PRIMARY,286
36,BOMET,194.0,SOTIK,968.0,KIPSONOI,71,OLDEBESI PRIMARY,36194096807101,OLDEBESI PRIMARY,531
36,BOMET,194.0,SOTIK,968.0,KIPSONOI,72,SOSUR PRIMARY,36194096807201,SOSUR PRIMARY,233
36,BOMET,194.0,SOTIK,968.0,KIPSONOI,73,SIGORIAN PRIMARY,36194096807301,SIGORIAN PRIMARY,412
36,BOMET,194.0,SOTIK,968.0,KIPSONOI,73,SIGORIAN PRIMARY,36194096807302,SIGORIAN PRIMARY,412
36,BOMET,194.0,SOTIK,968.0,KIPSONOI,74,KAMABWAI PRIMARY,36194096807401,KAMABWAI PRIMARY,420
36,BOMET,194.0,SOTIK,968.0,KIPSONOI,75,KIRICHA PRIMARY,36194096807501,KIRICHA PRIMARY,390
36,BOMET,194.0,SOTIK,968.0,KIPSONOI,75,KIRICHA PRIMARY,36194096807502,KIRICHA PRIMARY,389
36,BOMET,194.0,SOTIK,968.0,KIPSONOI,76,KAMESWON PRIMARY,36194096807601,KAMESWON PRIMARY,505
36,BOMET,194.0,SOTIK,968.0,KIPSONOI,77,SUMONI PRIMARY,36194096807701,SUMONI PRIMARY,290
36,BOMET,194.0,SOTIK,968.0,KIPSONOI,78,CHEBOLE PRIMARY,36194096807801,CHEBOLE PRIMARY,609
36,BOMET,194.0,SOTIK,968.0,KIPSONOI,78,CHEBOLE PRIMARY,36194096807802,CHEBOLE PRIMARY,609
36,BOMET,194.0,SOTIK,968.0,KIPSONOI,78,CHEBOLE PRIMARY,36194096807803,CHEBOLE PRIMARY,609
36,BOMET,194.0,SOTIK,968.0,KIPSONOI,79,SUGURUSIEK PRIMARY,36194096807901,SUGURUSIEK PRIMARY,333
36,BOMET,194.0,SOTIK,968.0,KIPSONOI,80,KIPKETII PRIMARY,36194096808001,KIPKETII PRIMARY,683
36,BOMET,194.0,SOTIK,968.0,KIPSONOI,81,KIPSONOI PRIMARY,36194096808101,KIPSONOI PRIMARY,356
36,BOMET,194.0,SOTIK,968.0,KIPSONOI,81,KIPSONOI PRIMARY,36194096808102,KIPSONOI PRIMARY,356
36,BOMET,194.0,SOTIK,968.0,KIPSONOI,82,CHEBANGO DISPENSARY,36194096808201,CHEBANGO DISPENSARY,564
36,BOMET,194.0,SOTIK,968.0,KIPSONOI,83,CHOROROITA PRIMARY,36194096808301,CHOROROITA PRIMARY,412
36,BOMET,194.0,SOTIK,968.0,KIPSONOI,84,NGENDALEL PRIMARY,36194096808401,NGENDALEL PRIMARY,293
36,BOMET,194.0,SOTIK,968.0,KIPSONOI,85,KABANGOROR PRIMARY,36194096808501,KABANGOROR PRIMARY,321
36,BOMET,194.0,SOTIK,968.0,KIPSONOI,147,SOSIK PR SCH,36194096814701,SOSIK PR SCH,174
36,BOMET,194.0,SOTIK,968.0,KIPSONOI,148,CHEBOET PRI SCH,36194096814801,CHEBOET PRI SCH,172
36,BOMET,194.0,SOTIK,968.0,KIPSONOI,149,SISEI PRI SCH,36194096814901,SISEI PRI SCH,94
36,BOMET,194.0,SOTIK,968.0,KIPSONOI,150,LEBEKWET PRI SCH,36194096815001,LEBEKWET PRI SCH,293
36,BOMET,194.0,SOTIK,968.0,KIPSONOI,151,CHEBANGO PRI SCH,36194096815101,CHEBANGO PRI SCH,347
36,BOMET,194.0,SOTIK,969.0,KAPLETUNDO,86,CHEMOIGUT NURSERY,36194096908601,CHEMOIGUT NURSERY,336
36,BOMET,194.0,SOTIK,969.0,KAPLETUNDO,87,KERONJO PRIMARY,36194096908701,KERONJO PRIMARY,592
36,BOMET,194.0,SOTIK,969.0,KAPLETUNDO,88,KAPKOROS TBC,36194096908801,KAPKOROS TBC,543
36,BOMET,194.0,SOTIK,969.0,KAPLETUNDO,89,USWET PRIMARY,36194096908901,USWET PRIMARY,617
36,BOMET,194.0,SOTIK,969.0,KAPLETUNDO,90,KIMAWIT PRIMARY,36194096909001,KIMAWIT PRIMARY,616
36,BOMET,194.0,SOTIK,969.0,KAPLETUNDO,91,KIMOLWET PRIMARY,36194096909101,KIMOLWET PRIMARY,361
36,BOMET,194.0,SOTIK,969.0,KAPLETUNDO,91,KIMOLWET PRIMARY,36194096909102,KIMOLWET PRIMARY,360
36,BOMET,194.0,SOTIK,969.0,KAPLETUNDO,92,KAMORONGA PRIMARY,36194096909201,KAMORONGA PRIMARY,230
36,BOMET,194.0,SOTIK,969.0,KAPLETUNDO,93,KAMBIRA PRIMARY,36194096909301,KAMBIRA PRIMARY,565
36,BOMET,194.0,SOTIK,969.0,KAPLETUNDO,94,KAPKESEMBE PRIMARY,36194096909401,KAPKESEMBE PRIMARY,484
36,BOMET,194.0,SOTIK,969.0,KAPLETUNDO,95,KAPTILOLWO PRIMARY,36194096909501,KAPTILOLWO PRIMARY,443
36,BOMET,194.0,SOTIK,969.0,KAPLETUNDO,96,BALEK PRIMARY,36194096909601,BALEK PRIMARY,620
36,BOMET,194.0,SOTIK,969.0,KAPLETUNDO,97,KESOGORORET PRIMARY,36194096909701,KESOGORORET PRIMARY,410
36,BOMET,194.0,SOTIK,969.0,KAPLETUNDO,97,KESOGORORET PRIMARY,36194096909702,KESOGORORET PRIMARY,410
36,BOMET,194.0,SOTIK,969.0,KAPLETUNDO,98,KAPLETUNDO PRIMARY,36194096909801,KAPLETUNDO PRIMARY,469
36,BOMET,194.0,SOTIK,969.0,KAPLETUNDO,98,KAPLETUNDO PRIMARY,36194096909802,KAPLETUNDO PRIMARY,469
36,BOMET,194.0,SOTIK,969.0,KAPLETUNDO,99,CHESILYOT PRIMARY,36194096909901,CHESILYOT PRIMARY,371
36,BOMET,194.0,SOTIK,969.0,KAPLETUNDO,99,CHESILYOT PRIMARY,36194096909902,CHESILYOT PRIMARY,371
36,BOMET,194.0,SOTIK,969.0,KAPLETUNDO,100,KAPKOITIM PRIMARY,36194096910001,KAPKOITIM PRIMARY,374
36,BOMET,194.0,SOTIK,969.0,KAPLETUNDO,100,KAPKOITIM PRIMARY,36194096910002,KAPKOITIM PRIMARY,374
36,BOMET,194.0,SOTIK,969.0,KAPLETUNDO,101,CHEPTANGULGEI PRIMARY,36194096910101,CHEPTANGULGEI PRIMARY,623
36,BOMET,194.0,SOTIK,969.0,KAPLETUNDO,102,TOGOMIN PRIMARY,36194096910201,TOGOMIN PRIMARY,452
36,BOMET,194.0,SOTIK,969.0,KAPLETUNDO,102,TOGOMIN PRIMARY,36194096910202,TOGOMIN PRIMARY,452
36,BOMET,194.0,SOTIK,969.0,KAPLETUNDO,103,KAPTIBIN TBC,36194096910301,KAPTIBIN TBC,294
36,BOMET,194.0,SOTIK,969.0,KAPLETUNDO,104,CHEBILAT PRIMARY,36194096910401,CHEBILAT PRIMARY,459
36,BOMET,194.0,SOTIK,969.0,KAPLETUNDO,104,CHEBILAT PRIMARY,36194096910402,CHEBILAT PRIMARY,459
36,BOMET,194.0,SOTIK,969.0,KAPLETUNDO,105,KIPROBONYIT PRIMARY,36194096910501,KIPROBONYIT PRIMARY,558
36,BOMET,194.0,SOTIK,969.0,KAPLETUNDO,106,CHEMOBEI PRIMARY,36194096910601,CHEMOBEI PRIMARY,644
36,BOMET,194.0,SOTIK,969.0,KAPLETUNDO,107,CHEBIRBELEK PRIMARY,36194096910701,CHEBIRBELEK PRIMARY,502
36,BOMET,194.0,SOTIK,969.0,KAPLETUNDO,107,CHEBIRBELEK PRIMARY,36194096910702,CHEBIRBELEK PRIMARY,501
36,BOMET,194.0,SOTIK,969.0,KAPLETUNDO,108,KABORUSO KOLUU PRIMARY,36194096910801,KABORUSO KOLUU PRIMARY,474
36,BOMET,194.0,SOTIK,969.0,KAPLETUNDO,109,KESENGE PRIMARY,36194096910901,KESENGE PRIMARY,461
36,BOMET,194.0,SOTIK,969.0,KAPLETUNDO,110,KAMUNGEI PRIMARY,36194096911001,KAMUNGEI PRIMARY,392
36,BOMET,194.0,SOTIK,969.0,KAPLETUNDO,110,KAMUNGEI PRIMARY,36194096911002,KAMUNGEI PRIMARY,392
36,BOMET,194.0,SOTIK,969.0,KAPLETUNDO,111,CHERIBO PRIMARY,36194096911101,CHERIBO PRIMARY,307
36,BOMET,194.0,SOTIK,969.0,KAPLETUNDO,112,KENENE PRIMARY,36194096911201,KENENE PRIMARY,558
36,BOMET,194.0,SOTIK,969.0,KAPLETUNDO,113,KAPCHERIRE PRIMARY,36194096911301,KAPCHERIRE PRIMARY,360
36,BOMET,194.0,SOTIK,969.0,KAPLETUNDO,113,KAPCHERIRE PRIMARY,36194096911302,KAPCHERIRE PRIMARY,360
36,BOMET,194.0,SOTIK,969.0,KAPLETUNDO,114,SIRONET PRIMARY,36194096911401,SIRONET PRIMARY,410
36,BOMET,194.0,SOTIK,969.0,KAPLETUNDO,115,CHESOEN TBC,36194096911501,CHESOEN TBC,333
36,BOMET,194.0,SOTIK,969.0,KAPLETUNDO,116,MUNJAZZ PRIMARY,36194096911601,MUNJAZZ PRIMARY,554
36,BOMET,194.0,SOTIK,969.0,KAPLETUNDO,117,SIROIN PRIMARY,36194096911701,SIROIN PRIMARY,515
36,BOMET,194.0,SOTIK,969.0,KAPLETUNDO,117,SIROIN PRIMARY,36194096911702,SIROIN PRIMARY,514
36,BOMET,194.0,SOTIK,969.0,KAPLETUNDO,118,LELECHWET PRIMARY,36194096911801,LELECHWET PRIMARY,693
36,BOMET,194.0,SOTIK,969.0,KAPLETUNDO,119,CHEPKOLONG TEA BUYING CENTRE,36194096911901,CHEPKOLONG TEA BUYING CENTRE,291
36,BOMET,194.0,SOTIK,969.0,KAPLETUNDO,152,KAPCHERANY HEALTH CENTER,36194096915201,KAPCHERANY HEALTH CENTER,57
36,BOMET,194.0,SOTIK,969.0,KAPLETUNDO,153,CHERUMBA PRI,36194096915301,CHERUMBA PRI,96
36,BOMET,194.0,SOTIK,969.0,KAPLETUNDO,154,TAMONGO PRI SCH,36194096915401,TAMONGO PRI SCH,121
36,BOMET,194.0,SOTIK,969.0,KAPLETUNDO,155,SOIYOIT PRI SCH,36194096915501,SOIYOIT PRI SCH,145
36,BOMET,194.0,SOTIK,970.0,RONGENA/MANARET,120,GAA TUIYOBEI PRIMARY,36194097012001,GAA TUIYOBEI PRIMARY,228
36,BOMET,194.0,SOTIK,970.0,RONGENA/MANARET,121,CHEPKEBIT PRIMARY,36194097012101,CHEPKEBIT PRIMARY,463
36,BOMET,194.0,SOTIK,970.0,RONGENA/MANARET,122,BURGEI PRIMARY,36194097012201,BURGEI PRIMARY,697
36,BOMET,194.0,SOTIK,970.0,RONGENA/MANARET,123,MANARET PRIMARY,36194097012301,MANARET PRIMARY,467
36,BOMET,194.0,SOTIK,970.0,RONGENA/MANARET,124,CHEBILAT DISPENSARY,36194097012401,CHEBILAT DISPENSARY,509
36,BOMET,194.0,SOTIK,970.0,RONGENA/MANARET,124,CHEBILAT DISPENSARY,36194097012402,CHEBILAT DISPENSARY,508
36,BOMET,194.0,SOTIK,970.0,RONGENA/MANARET,125,MOGOIYWEK PRIMARY,36194097012501,MOGOIYWEK PRIMARY,243
36,BOMET,194.0,SOTIK,970.0,RONGENA/MANARET,126,SOTIK TEA SOCIAL HALL,36194097012601,SOTIK TEA SOCIAL HALL,89
36,BOMET,194.0,SOTIK,970.0,RONGENA/MANARET,127,MONIRE PRIMARY,36194097012701,MONIRE PRIMARY,209
36,BOMET,194.0,SOTIK,970.0,RONGENA/MANARET,128,MABWAITA PRIMARY,36194097012801,MABWAITA PRIMARY,652
36,BOMET,194.0,SOTIK,970.0,RONGENA/MANARET,129,KISABEI PRIMARY,36194097012901,KISABEI PRIMARY,422
36,BOMET,194.0,SOTIK,970.0,RONGENA/MANARET,130,CHEPTEBE PRIMARY,36194097013001,CHEPTEBE PRIMARY,566
36,BOMET,194.0,SOTIK,970.0,RONGENA/MANARET,131,CHILGOTWET PRIMARY,36194097013101,CHILGOTWET PRIMARY,471
36,BOMET,194.0,SOTIK,970.0,RONGENA/MANARET,132,MANARET POLY,36194097013201,MANARET POLY,364
36,BOMET,194.0,SOTIK,970.0,RONGENA/MANARET,132,MANARET POLY,36194097013202,MANARET POLY,364
36,BOMET,194.0,SOTIK,970.0,RONGENA/MANARET,133,RONGENA PRIMARY,36194097013301,RONGENA PRIMARY,391
36,BOMET,194.0,SOTIK,970.0,RONGENA/MANARET,133,RONGENA PRIMARY,36194097013302,RONGENA PRIMARY,391
36,BOMET,194.0,SOTIK,970.0,RONGENA/MANARET,134,TEMBWO PRIMARY,36194097013401,TEMBWO PRIMARY,623
36,BOMET,194.0,SOTIK,970.0,RONGENA/MANARET,135,KIPNG'OSOS PRIMARY,36194097013501,KIPNG'OSOS PRIMARY,400
36,BOMET,194.0,SOTIK,970.0,RONGENA/MANARET,135,KIPNG'OSOS PRIMARY,36194097013502,KIPNG'OSOS PRIMARY,400
36,BOMET,194.0,SOTIK,970.0,RONGENA/MANARET,136,KOKWON PRIMARY,36194097013601,KOKWON PRIMARY,470
36,BOMET,194.0,SOTIK,970.0,RONGENA/MANARET,137,CHEBUGON PRIMARY,36194097013701,CHEBUGON PRIMARY,476
36,BOMET,194.0,SOTIK,970.0,RONGENA/MANARET,138,KIPTORBEI PRIMARY,36194097013801,KIPTORBEI PRIMARY,518
36,BOMET,194.0,SOTIK,970.0,RONGENA/MANARET,139,SARUCHAT PRIMARY,36194097013901,SARUCHAT PRIMARY,540
36,BOMET,194.0,SOTIK,970.0,RONGENA/MANARET,139,SARUCHAT PRIMARY,36194097013902,SARUCHAT PRIMARY,540
36,BOMET,194.0,SOTIK,970.0,RONGENA/MANARET,140,N'GAMURIAN PRIMARY,36194097014001,N'GAMURIAN PRIMARY,234
36,BOMET,194.0,SOTIK,970.0,RONGENA/MANARET,141,KAPTEBENGWO DISPENSARY,36194097014101,KAPTEBENGWO DISPENSARY,590
36,BOMET,194.0,SOTIK,970.0,RONGENA/MANARET,156,CHESERTON PRI SCH,36194097015601,CHESERTON PRI SCH,129
36,BOMET,194.0,SOTIK,970.0,RONGENA/MANARET,157,TONONGOI PRI SCH,36194097015701,TONONGOI PRI SCH,80
36,BOMET,195.0,CHEPALUNGU,971.0,KONG'ASIS,1,SAUNET PRIMARY SCHOOL,36195097100101,SAUNET PRIMARY SCHOOL,585
36,BOMET,195.0,CHEPALUNGU,971.0,KONG'ASIS,2,NDAMICHONIK PRIMARY SCHOOL,36195097100201,NDAMICHONIK PRIMARY SCHOOL,627
36,BOMET,195.0,CHEPALUNGU,971.0,KONG'ASIS,3,CHESERTON PRIMARY SCHOOL,36195097100301,CHESERTON PRIMARY SCHOOL,318
36,BOMET,195.0,CHEPALUNGU,971.0,KONG'ASIS,4,CHEBORIAN PRIMARY SCHOOL,36195097100401,CHEBORIAN PRIMARY SCHOOL,613
36,BOMET,195.0,CHEPALUNGU,971.0,KONG'ASIS,5,SING'OIWEK PRIMARY SCHOOL,36195097100501,SING'OIWEK PRIMARY SCHOOL,318
36,BOMET,195.0,CHEPALUNGU,971.0,KONG'ASIS,6,KIBOSON PRIMARY SCHOOL,36195097100601,KIBOSON PRIMARY SCHOOL,474
36,BOMET,195.0,CHEPALUNGU,971.0,KONG'ASIS,7,MATHEW MARITIM PRIMARY SCHOOL,36195097100701,MATHEW MARITIM PRIMARY SCHOOL,437
36,BOMET,195.0,CHEPALUNGU,971.0,KONG'ASIS,8,SARAMEK PRIMARY SCHOOL,36195097100801,SARAMEK PRIMARY SCHOOL,238
36,BOMET,195.0,CHEPALUNGU,971.0,KONG'ASIS,9,KIRIBA PRIMARY SCHOOL,36195097100901,KIRIBA PRIMARY SCHOOL,484
36,BOMET,195.0,CHEPALUNGU,971.0,KONG'ASIS,9,KIRIBA PRIMARY SCHOOL,36195097100902,KIRIBA PRIMARY SCHOOL,484
36,BOMET,195.0,CHEPALUNGU,971.0,KONG'ASIS,10,MAKIMENY PRIMARY SCHOOL,36195097101001,MAKIMENY PRIMARY SCHOOL,602
36,BOMET,195.0,CHEPALUNGU,971.0,KONG'ASIS,11,KESOSIO PRIMARY SCHOOL,36195097101101,KESOSIO PRIMARY SCHOOL,428
36,BOMET,195.0,CHEPALUNGU,971.0,KONG'ASIS,12,KIPLOMBE PRIMARY SCHOOL,36195097101201,KIPLOMBE PRIMARY SCHOOL,392
36,BOMET,195.0,CHEPALUNGU,971.0,KONG'ASIS,13,KIMINDILIL NURSERY SCHOOL,36195097101301,KIMINDILIL NURSERY SCHOOL,287
36,BOMET,195.0,CHEPALUNGU,971.0,KONG'ASIS,14,MENG'WET PRIMARY SCHOOL,36195097101401,MENG'WET PRIMARY SCHOOL,612
36,BOMET,195.0,CHEPALUNGU,971.0,KONG'ASIS,15,KIPKUROR PRIMARY SCHOOL,36195097101501,KIPKUROR PRIMARY SCHOOL,507
36,BOMET,195.0,CHEPALUNGU,971.0,KONG'ASIS,16,ST. JOSEPH'S KAPSIRICH PRIMARY SCHOOL,36195097101601,ST. JOSEPH'S KAPSIRICH PRIMARY SCHO,612
36,BOMET,195.0,CHEPALUNGU,971.0,KONG'ASIS,17,KABEMA PRIMARY SCHOOL.,36195097101701,KABEMA PRIMARY SCHOOL.,456
36,BOMET,195.0,CHEPALUNGU,971.0,KONG'ASIS,17,KABEMA PRIMARY SCHOOL.,36195097101702,KABEMA PRIMARY SCHOOL.,455
36,BOMET,195.0,CHEPALUNGU,971.0,KONG'ASIS,18,KAPSAIYALEL PRIMARY SCHOOL,36195097101801,KAPSAIYALEL PRIMARY SCHOOL,358
36,BOMET,195.0,CHEPALUNGU,971.0,KONG'ASIS,19,KAPRORON PRIMARY SCHOOL,36195097101901,KAPRORON PRIMARY SCHOOL,433
36,BOMET,195.0,CHEPALUNGU,971.0,KONG'ASIS,20,NYATEMBE PRIMARY SCHOOL,36195097102001,NYATEMBE PRIMARY SCHOOL,349
36,BOMET,195.0,CHEPALUNGU,971.0,KONG'ASIS,21,KIPEREISIT PRIMARY SCHOOL,36195097102101,KIPEREISIT PRIMARY SCHOOL,430
36,BOMET,195.0,CHEPALUNGU,971.0,KONG'ASIS,22,SEGEMIK PRIMARY SCHOOL,36195097102201,SEGEMIK PRIMARY SCHOOL,487
36,BOMET,195.0,CHEPALUNGU,971.0,KONG'ASIS,22,SEGEMIK PRIMARY SCHOOL,36195097102202,SEGEMIK PRIMARY SCHOOL,487
36,BOMET,195.0,CHEPALUNGU,971.0,KONG'ASIS,23,CHEBANYINY PRIMARY SCHOOL.,36195097102301,CHEBANYINY PRIMARY SCHOOL.,362
36,BOMET,195.0,CHEPALUNGU,971.0,KONG'ASIS,23,CHEBANYINY PRIMARY SCHOOL.,36195097102302,CHEBANYINY PRIMARY SCHOOL.,362
36,BOMET,195.0,CHEPALUNGU,971.0,KONG'ASIS,24,KIPTUNOI PRIMARY SCHOOL,36195097102401,KIPTUNOI PRIMARY SCHOOL,298
36,BOMET,195.0,CHEPALUNGU,971.0,KONG'ASIS,25,CHEPKORGONG PRIMARY SCHOOL,36195097102501,CHEPKORGONG PRIMARY SCHOOL,507
36,BOMET,195.0,CHEPALUNGU,971.0,KONG'ASIS,26,KIMAYA PRIMARY SCHOOL,36195097102601,KIMAYA PRIMARY SCHOOL,664
36,BOMET,195.0,CHEPALUNGU,971.0,KONG'ASIS,139,KOITAKEL PRIMARY,36195097113901,KOITAKEL PRIMARY,169
36,BOMET,195.0,CHEPALUNGU,971.0,KONG'ASIS,140,KAPCHUMBE PRIMARY SCHOOL,36195097114001,KAPCHUMBE PRIMARY SCHOOL,170
36,BOMET,195.0,CHEPALUNGU,972.0,NYANGORES,27,KAPTEMBWO PRIMARY SCHOOL,36195097202701,KAPTEMBWO PRIMARY SCHOOL,419
36,BOMET,195.0,CHEPALUNGU,972.0,NYANGORES,28,METIPSO PRIMARY SCHOOL,36195097202801,METIPSO PRIMARY SCHOOL,578
36,BOMET,195.0,CHEPALUNGU,972.0,NYANGORES,29,ITEMBE PRIMARY SCHOOL,36195097202901,ITEMBE PRIMARY SCHOOL,380
36,BOMET,195.0,CHEPALUNGU,972.0,NYANGORES,29,ITEMBE PRIMARY SCHOOL,36195097202902,ITEMBE PRIMARY SCHOOL,380
36,BOMET,195.0,CHEPALUNGU,972.0,NYANGORES,30,KESABITA PRIMARY SCHOOL,36195097203001,KESABITA PRIMARY SCHOOL,606
36,BOMET,195.0,CHEPALUNGU,972.0,NYANGORES,31,KAPKWEN PRIMARY SCHOOL,36195097203101,KAPKWEN PRIMARY SCHOOL,527
36,BOMET,195.0,CHEPALUNGU,972.0,NYANGORES,31,KAPKWEN PRIMARY SCHOOL,36195097203102,KAPKWEN PRIMARY SCHOOL,526
36,BOMET,195.0,CHEPALUNGU,972.0,NYANGORES,32,CHEBIRIR PRIMARY SCHOOL,36195097203201,CHEBIRIR PRIMARY SCHOOL,392
36,BOMET,195.0,CHEPALUNGU,972.0,NYANGORES,32,CHEBIRIR PRIMARY SCHOOL,36195097203202,CHEBIRIR PRIMARY SCHOOL,392
36,BOMET,195.0,CHEPALUNGU,972.0,NYANGORES,33,KAGAWET PRIMARY SCHOOL,36195097203301,KAGAWET PRIMARY SCHOOL,417
36,BOMET,195.0,CHEPALUNGU,972.0,NYANGORES,34,KAPSIO PRIMARY SCHOOL,36195097203401,KAPSIO PRIMARY SCHOOL,298
36,BOMET,195.0,CHEPALUNGU,972.0,NYANGORES,35,SAGENYA PRIMARY SCHOOL,36195097203501,SAGENYA PRIMARY SCHOOL,637
36,BOMET,195.0,CHEPALUNGU,972.0,NYANGORES,36,KABISOGE PRIMARY SCHOOL,36195097203601,KABISOGE PRIMARY SCHOOL,363
36,BOMET,195.0,CHEPALUNGU,972.0,NYANGORES,36,KABISOGE PRIMARY SCHOOL,36195097203602,KABISOGE PRIMARY SCHOOL,363
36,BOMET,195.0,CHEPALUNGU,972.0,NYANGORES,37,KIMATISIO PRIMARY SCHOOL,36195097203701,KIMATISIO PRIMARY SCHOOL,639
36,BOMET,195.0,CHEPALUNGU,972.0,NYANGORES,38,KYOGONG PRIMARY SCHOOL,36195097203801,KYOGONG PRIMARY SCHOOL,491
36,BOMET,195.0,CHEPALUNGU,972.0,NYANGORES,38,KYOGONG PRIMARY SCHOOL,36195097203802,KYOGONG PRIMARY SCHOOL,490
36,BOMET,195.0,CHEPALUNGU,972.0,NYANGORES,39,KAPLELE PRIMARY SCHOOL,36195097203901,KAPLELE PRIMARY SCHOOL,603
36,BOMET,195.0,CHEPALUNGU,972.0,NYANGORES,40,CHEBORIOT PRIMARY SCHOOL,36195097204001,CHEBORIOT PRIMARY SCHOOL,501
36,BOMET,195.0,CHEPALUNGU,972.0,NYANGORES,40,CHEBORIOT PRIMARY SCHOOL,36195097204002,CHEBORIOT PRIMARY SCHOOL,501
36,BOMET,195.0,CHEPALUNGU,972.0,NYANGORES,41,TEBESWET PRIMARY SCHOOL,36195097204101,TEBESWET PRIMARY SCHOOL,365
36,BOMET,195.0,CHEPALUNGU,972.0,NYANGORES,41,TEBESWET PRIMARY SCHOOL,36195097204102,TEBESWET PRIMARY SCHOOL,364
36,BOMET,195.0,CHEPALUNGU,972.0,NYANGORES,42,KIPSEGON PRIMARY SCHOOL,36195097204201,KIPSEGON PRIMARY SCHOOL,384
36,BOMET,195.0,CHEPALUNGU,972.0,NYANGORES,43,KAPKEMOI PRIMARY SCHOOL,36195097204301,KAPKEMOI PRIMARY SCHOOL,345
36,BOMET,195.0,CHEPALUNGU,972.0,NYANGORES,44,KIMENDERIT PRIMARY SCHOOL,36195097204401,KIMENDERIT PRIMARY SCHOOL,377
36,BOMET,195.0,CHEPALUNGU,972.0,NYANGORES,45,GOITABSILIBWET PRIMARY SCHOOL,36195097204501,GOITABSILIBWET PRIMARY SCHOOL,608
36,BOMET,195.0,CHEPALUNGU,972.0,NYANGORES,45,GOITABSILIBWET PRIMARY SCHOOL,36195097204502,GOITABSILIBWET PRIMARY SCHOOL,607
36,BOMET,195.0,CHEPALUNGU,972.0,NYANGORES,46,MARIANGO PRIMARY SCHOOL,36195097204601,MARIANGO PRIMARY SCHOOL,548
36,BOMET,195.0,CHEPALUNGU,972.0,NYANGORES,47,KIPRICHEIT PRIMARY SCHOOL,36195097204701,KIPRICHEIT PRIMARY SCHOOL,518
36,BOMET,195.0,CHEPALUNGU,972.0,NYANGORES,48,KAPKESOSIO PRIMARY SCHOOL,36195097204801,KAPKESOSIO PRIMARY SCHOOL,477
36,BOMET,195.0,CHEPALUNGU,972.0,NYANGORES,48,KAPKESOSIO PRIMARY SCHOOL,36195097204802,KAPKESOSIO PRIMARY SCHOOL,476
36,BOMET,195.0,CHEPALUNGU,972.0,NYANGORES,49,KOTOIBEI PRIMARY SCHOOL,36195097204901,KOTOIBEI PRIMARY SCHOOL,393
36,BOMET,195.0,CHEPALUNGU,972.0,NYANGORES,50,CHEBOIS PRIMARY SCHOOL,36195097205001,CHEBOIS PRIMARY SCHOOL,332
36,BOMET,195.0,CHEPALUNGU,972.0,NYANGORES,51,KERUNDUT PRIMARY SCHOOL,36195097205101,KERUNDUT PRIMARY SCHOOL,505
36,BOMET,195.0,CHEPALUNGU,972.0,NYANGORES,52,NYAMBUGO PRIMARY SCHOOL,36195097205201,NYAMBUGO PRIMARY SCHOOL,403
36,BOMET,195.0,CHEPALUNGU,972.0,NYANGORES,52,NYAMBUGO PRIMARY SCHOOL,36195097205202,NYAMBUGO PRIMARY SCHOOL,402
36,BOMET,195.0,CHEPALUNGU,972.0,NYANGORES,53,CHEPTAGUM PRIMARY SCHOOL,36195097205301,CHEPTAGUM PRIMARY SCHOOL,627
36,BOMET,195.0,CHEPALUNGU,972.0,NYANGORES,54,KESEGUT PRIMARY SCHOOL,36195097205401,KESEGUT PRIMARY SCHOOL,437
36,BOMET,195.0,CHEPALUNGU,972.0,NYANGORES,55,KAPLEWA PRIMARY SCHOOL,36195097205501,KAPLEWA PRIMARY SCHOOL,315
36,BOMET,195.0,CHEPALUNGU,972.0,NYANGORES,56,OLESOI PRIMARY SCHOOL,36195097205601,OLESOI PRIMARY SCHOOL,606
36,BOMET,195.0,CHEPALUNGU,972.0,NYANGORES,141,KIPSIMBOL PRIMARY SCHOOL,36195097214101,KIPSIMBOL PRIMARY SCHOOL,273
36,BOMET,195.0,CHEPALUNGU,972.0,NYANGORES,142,CHEPNYALILIET PRIMARY SCHOOL,36195097214201,CHEPNYALILIET PRIMARY SCHOOL,113
36,BOMET,195.0,CHEPALUNGU,972.0,NYANGORES,143,KAPTOMBULIET PRIMARY SCHOOL,36195097214301,KAPTOMBULIET PRIMARY SCHOOL,198
36,BOMET,195.0,CHEPALUNGU,972.0,NYANGORES,144,MASASABEI PRIMARY SCHOOL,36195097214401,MASASABEI PRIMARY SCHOOL,110
36,BOMET,195.0,CHEPALUNGU,973.0,SIGOR,57,CHEPTUONIK PRIMARY SCHOOL,36195097305701,CHEPTUONIK PRIMARY SCHOOL,395
36,BOMET,195.0,CHEPALUNGU,973.0,SIGOR,58,LELECHONIK PRIMARY SCHOOL.,36195097305801,LELECHONIK PRIMARY SCHOOL.,301
36,BOMET,195.0,CHEPALUNGU,973.0,SIGOR,59,TUMOI PRIMARY SCHOOL.,36195097305901,TUMOI PRIMARY SCHOOL.,614
36,BOMET,195.0,CHEPALUNGU,973.0,SIGOR,60,KAMORIT PRIMARY SCHOOL,36195097306001,KAMORIT PRIMARY SCHOOL,331
36,BOMET,195.0,CHEPALUNGU,973.0,SIGOR,61,SUGUMERGA PRIMARY SCHOOL.,36195097306101,SUGUMERGA PRIMARY SCHOOL.,373
36,BOMET,195.0,CHEPALUNGU,973.0,SIGOR,61,SUGUMERGA PRIMARY SCHOOL.,36195097306102,SUGUMERGA PRIMARY SCHOOL.,372
36,BOMET,195.0,CHEPALUNGU,973.0,SIGOR,62,SIGOR PRIMARY SCHOOL,36195097306201,SIGOR PRIMARY SCHOOL,572
36,BOMET,195.0,CHEPALUNGU,973.0,SIGOR,63,SIGOR NURSERY SCHOOL,36195097306301,SIGOR NURSERY SCHOOL,596
36,BOMET,195.0,CHEPALUNGU,973.0,SIGOR,63,SIGOR NURSERY SCHOOL,36195097306302,SIGOR NURSERY SCHOOL,596
36,BOMET,195.0,CHEPALUNGU,973.0,SIGOR,64,ST. PETER'S KOIYET PRIMARY SCHOOL,36195097306401,ST. PETER'S KOIYET PRIMARY SCHOOL,520
36,BOMET,195.0,CHEPALUNGU,973.0,SIGOR,65,MISMIS PRIMARY SCHOOL,36195097306501,MISMIS PRIMARY SCHOOL,494
36,BOMET,195.0,CHEPALUNGU,973.0,SIGOR,66,TERTA NURSERY SCHOOL,36195097306601,TERTA NURSERY SCHOOL,252
36,BOMET,195.0,CHEPALUNGU,973.0,SIGOR,67,CHEBARAA PRIMARY SCHOOL.,36195097306701,CHEBARAA PRIMARY SCHOOL.,665
36,BOMET,195.0,CHEPALUNGU,973.0,SIGOR,68,NYAKICHIWA PRIMARY SCHOOL.,36195097306801,NYAKICHIWA PRIMARY SCHOOL.,659
36,BOMET,195.0,CHEPALUNGU,973.0,SIGOR,69,CHEPTOLELYOI PRIMARY SCHOOL.,36195097306901,CHEPTOLELYOI PRIMARY SCHOOL.,372
36,BOMET,195.0,CHEPALUNGU,973.0,SIGOR,70,TARAKWET PRIMARY SCHOOL,36195097307001,TARAKWET PRIMARY SCHOOL,217
36,BOMET,195.0,CHEPALUNGU,973.0,SIGOR,71,MARANGETIT PRIMARY SCHOOL.,36195097307101,MARANGETIT PRIMARY SCHOOL.,426
36,BOMET,195.0,CHEPALUNGU,973.0,SIGOR,72,AREIYET PRIMARY SCHOOL,36195097307201,AREIYET PRIMARY SCHOOL,643
36,BOMET,195.0,CHEPALUNGU,973.0,SIGOR,73,KIPKEIGEI PRIMARY SCHOOL.,36195097307301,KIPKEIGEI PRIMARY SCHOOL.,461
36,BOMET,195.0,CHEPALUNGU,973.0,SIGOR,73,KIPKEIGEI PRIMARY SCHOOL.,36195097307302,KIPKEIGEI PRIMARY SCHOOL.,460
36,BOMET,195.0,CHEPALUNGU,973.0,SIGOR,74,LELAITICH PRIMARY SCHOOL,36195097307401,LELAITICH PRIMARY SCHOOL,438
36,BOMET,195.0,CHEPALUNGU,973.0,SIGOR,74,LELAITICH PRIMARY SCHOOL,36195097307402,LELAITICH PRIMARY SCHOOL,438
36,BOMET,195.0,CHEPALUNGU,973.0,SIGOR,75,KAPSABUL PRIMARY SCHOOL,36195097307501,KAPSABUL PRIMARY SCHOOL,419
36,BOMET,195.0,CHEPALUNGU,973.0,SIGOR,75,KAPSABUL PRIMARY SCHOOL,36195097307502,KAPSABUL PRIMARY SCHOOL,419
36,BOMET,195.0,CHEPALUNGU,973.0,SIGOR,76,KISIET PRIMARY SCHOOL,36195097307601,KISIET PRIMARY SCHOOL,347
36,BOMET,195.0,CHEPALUNGU,973.0,SIGOR,77,MWOKYOT PRIMARY SCHOOL,36195097307701,MWOKYOT PRIMARY SCHOOL,429
36,BOMET,195.0,CHEPALUNGU,973.0,SIGOR,78,NG'WONET PRIMARY SCHOOL.,36195097307801,NG'WONET PRIMARY SCHOOL.,387
36,BOMET,195.0,CHEPALUNGU,973.0,SIGOR,79,CHEPKOSA PRIMARY SCHOOL,36195097307901,CHEPKOSA PRIMARY SCHOOL,513
36,BOMET,195.0,CHEPALUNGU,973.0,SIGOR,80,CHEMENG'WA PRIMARY SCHOOL.,36195097308001,CHEMENG'WA PRIMARY SCHOOL.,660
36,BOMET,195.0,CHEPALUNGU,973.0,SIGOR,81,KOITABKALYET PRIMARY SCHOOL,36195097308101,KOITABKALYET PRIMARY SCHOOL,542
36,BOMET,195.0,CHEPALUNGU,973.0,SIGOR,82,LUGUMEK PRIMARY SCHOOL.,36195097308201,LUGUMEK PRIMARY SCHOOL.,367
36,BOMET,195.0,CHEPALUNGU,973.0,SIGOR,82,LUGUMEK PRIMARY SCHOOL.,36195097308202,LUGUMEK PRIMARY SCHOOL.,367
36,BOMET,195.0,CHEPALUNGU,973.0,SIGOR,83,KABOLWA PRIMARY SCHOOL,36195097308301,KABOLWA PRIMARY SCHOOL,387
36,BOMET,195.0,CHEPALUNGU,973.0,SIGOR,83,KABOLWA PRIMARY SCHOOL,36195097308302,KABOLWA PRIMARY SCHOOL,386
36,BOMET,195.0,CHEPALUNGU,973.0,SIGOR,84,KOSIA PRIMARY SCHOOL,36195097308401,KOSIA PRIMARY SCHOOL,431
36,BOMET,195.0,CHEPALUNGU,974.0,CHEBUNYO,85,CHEBOYO PRIMARY SCHOOL,36195097408501,CHEBOYO PRIMARY SCHOOL,356
36,BOMET,195.0,CHEPALUNGU,974.0,CHEBUNYO,85,CHEBOYO PRIMARY SCHOOL,36195097408502,CHEBOYO PRIMARY SCHOOL,356
36,BOMET,195.0,CHEPALUNGU,974.0,CHEBUNYO,86,KATARET PRIMARY SCHOOL,36195097408601,KATARET PRIMARY SCHOOL,541
36,BOMET,195.0,CHEPALUNGU,974.0,CHEBUNYO,86,KATARET PRIMARY SCHOOL,36195097408602,KATARET PRIMARY SCHOOL,540
36,BOMET,195.0,CHEPALUNGU,974.0,CHEBUNYO,87,KIPSIRAT PRIMARY SCHOOL,36195097408701,KIPSIRAT PRIMARY SCHOOL,273
36,BOMET,195.0,CHEPALUNGU,974.0,CHEBUNYO,88,KIPROROGET PRIMARY SCHOOL,36195097408801,KIPROROGET PRIMARY SCHOOL,460
36,BOMET,195.0,CHEPALUNGU,974.0,CHEBUNYO,89,LABOTIET PRIMARY SCHOOL,36195097408901,LABOTIET PRIMARY SCHOOL,553
36,BOMET,195.0,CHEPALUNGU,974.0,CHEBUNYO,90,KIPKELAT PRIMARY SCHOOL,36195097409001,KIPKELAT PRIMARY SCHOOL,515
36,BOMET,195.0,CHEPALUNGU,974.0,CHEBUNYO,91,KAMAGET PRIMARY SCHOOL,36195097409101,KAMAGET PRIMARY SCHOOL,639
36,BOMET,195.0,CHEPALUNGU,974.0,CHEBUNYO,92,CHENIT PRIMARY SCHOOL,36195097409201,CHENIT PRIMARY SCHOOL,456
36,BOMET,195.0,CHEPALUNGU,974.0,CHEBUNYO,93,CHEMISIMGUT PRIMARY SCHOOL,36195097409301,CHEMISIMGUT PRIMARY SCHOOL,428
36,BOMET,195.0,CHEPALUNGU,974.0,CHEBUNYO,94,KAMOGIBOI PRIMARY SCHOOL,36195097409401,KAMOGIBOI PRIMARY SCHOOL,591
36,BOMET,195.0,CHEPALUNGU,974.0,CHEBUNYO,95,KELICHEK PRIMARY SCHOOL,36195097409501,KELICHEK PRIMARY SCHOOL,330
36,BOMET,195.0,CHEPALUNGU,974.0,CHEBUNYO,96,CHEBONJIRAI PRIMARY SCHOOL,36195097409601,CHEBONJIRAI PRIMARY SCHOOL,248
36,BOMET,195.0,CHEPALUNGU,974.0,CHEBUNYO,97,TILANG'OK PRIMARY SCHOOL,36195097409701,TILANG'OK PRIMARY SCHOOL,380
36,BOMET,195.0,CHEPALUNGU,974.0,CHEBUNYO,97,TILANG'OK PRIMARY SCHOOL,36195097409702,TILANG'OK PRIMARY SCHOOL,380
36,BOMET,195.0,CHEPALUNGU,974.0,CHEBUNYO,98,CHEBUNYO PRIMARY SCHOOL,36195097409801,CHEBUNYO PRIMARY SCHOOL,687
36,BOMET,195.0,CHEPALUNGU,974.0,CHEBUNYO,98,CHEBUNYO PRIMARY SCHOOL,36195097409802,CHEBUNYO PRIMARY SCHOOL,686
36,BOMET,195.0,CHEPALUNGU,974.0,CHEBUNYO,99,SOGORORBEI PRIMARY SCHOOL,36195097409901,SOGORORBEI PRIMARY SCHOOL,400
36,BOMET,195.0,CHEPALUNGU,974.0,CHEBUNYO,100,ROBORWO PRIMARY SCHOOL,36195097410001,ROBORWO PRIMARY SCHOOL,560
36,BOMET,195.0,CHEPALUNGU,974.0,CHEBUNYO,101,KAPTOROKWO PRIMARY SCHOOL,36195097410101,KAPTOROKWO PRIMARY SCHOOL,457
36,BOMET,195.0,CHEPALUNGU,974.0,CHEBUNYO,102,KAMUSANGA PRIMARY SCHOOL,36195097410201,KAMUSANGA PRIMARY SCHOOL,423
36,BOMET,195.0,CHEPALUNGU,974.0,CHEBUNYO,103,CHELEGET PRIMARY SCHOOL,36195097410301,CHELEGET PRIMARY SCHOOL,219
36,BOMET,195.0,CHEPALUNGU,974.0,CHEBUNYO,104,CHEBELION PRIMARY SCHOOL,36195097410401,CHEBELION PRIMARY SCHOOL,467
36,BOMET,195.0,CHEPALUNGU,974.0,CHEBUNYO,105,KAMOTYO PRIMARY SCHOOL,36195097410501,KAMOTYO PRIMARY SCHOOL,398
36,BOMET,195.0,CHEPALUNGU,974.0,CHEBUNYO,106,CHEPNYALILIET PRIMARY SCHOOL,36195097410601,CHEPNYALILIET PRIMARY SCHOOL,549
36,BOMET,195.0,CHEPALUNGU,974.0,CHEBUNYO,107,KABOSON PRIMARY SCHOOL,36195097410701,KABOSON PRIMARY SCHOOL,558
36,BOMET,195.0,CHEPALUNGU,974.0,CHEBUNYO,108,CHELELAIBEI PRIMARY SCHOOL,36195097410801,CHELELAIBEI PRIMARY SCHOOL,337
36,BOMET,195.0,CHEPALUNGU,974.0,CHEBUNYO,109,KAPKULUMBEN PRIMARY SCHOOL,36195097410901,KAPKULUMBEN PRIMARY SCHOOL,571
36,BOMET,195.0,CHEPALUNGU,974.0,CHEBUNYO,110,KAPTUMOI PRIMARY SCHOOL,36195097411001,KAPTUMOI PRIMARY SCHOOL,277
36,BOMET,195.0,CHEPALUNGU,974.0,CHEBUNYO,111,KAMONGIL PRIMARY SCHOOL,36195097411101,KAMONGIL PRIMARY SCHOOL,466
36,BOMET,195.0,CHEPALUNGU,974.0,CHEBUNYO,112,KAMOSIRO PRIMARY SCHOOL,36195097411201,KAMOSIRO PRIMARY SCHOOL,420
36,BOMET,195.0,CHEPALUNGU,974.0,CHEBUNYO,113,NOGIRWET PRIMARY SCHOOL,36195097411301,NOGIRWET PRIMARY SCHOOL,549
36,BOMET,195.0,CHEPALUNGU,974.0,CHEBUNYO,145,BORUT PRIMARY SCHOOL,36195097414501,BORUT PRIMARY SCHOOL,180
36,BOMET,195.0,CHEPALUNGU,974.0,CHEBUNYO,146,KIPTURGUT PRIMARY SCHOOL,36195097414601,KIPTURGUT PRIMARY SCHOOL,151
36,BOMET,195.0,CHEPALUNGU,974.0,CHEBUNYO,147,CHEPNG'UNG'UL PRIMARY SCHOOL,36195097414701,CHEPNG'UNG'UL PRIMARY SCHOOL,133
36,BOMET,195.0,CHEPALUNGU,974.0,CHEBUNYO,148,CHEBUGON PRIMARY SCHOOL,36195097414801,CHEBUGON PRIMARY SCHOOL,296
36,BOMET,195.0,CHEPALUNGU,974.0,CHEBUNYO,149,KAPLEKWA PRIMARY SCHOOL,36195097414901,KAPLEKWA PRIMARY SCHOOL,152
36,BOMET,195.0,CHEPALUNGU,975.0,SIONGIROI,114,CHEPWASTUIYET PRIMARY SCHOOL,36195097511401,CHEPWASTUIYET PRIMARY SCHOOL,410
36,BOMET,195.0,CHEPALUNGU,975.0,SIONGIROI,114,CHEPWASTUIYET PRIMARY SCHOOL,36195097511402,CHEPWASTUIYET PRIMARY SCHOOL,409
36,BOMET,195.0,CHEPALUNGU,975.0,SIONGIROI,115,KIMUGUL PRIMARY SCHOOL,36195097511501,KIMUGUL PRIMARY SCHOOL,529
36,BOMET,195.0,CHEPALUNGU,975.0,SIONGIROI,116,HIGHLAND PRIMARY SCHOOL,36195097511601,HIGHLAND PRIMARY SCHOOL,431
36,BOMET,195.0,CHEPALUNGU,975.0,SIONGIROI,117,KIMANANGA PRIMARY SCHOOL,36195097511701,KIMANANGA PRIMARY SCHOOL,317
36,BOMET,195.0,CHEPALUNGU,975.0,SIONGIROI,118,KIPTAGEI PRIMARY SCHOOL,36195097511801,KIPTAGEI PRIMARY SCHOOL,521
36,BOMET,195.0,CHEPALUNGU,975.0,SIONGIROI,119,REBERWET PRIMARY SCHOOL,36195097511901,REBERWET PRIMARY SCHOOL,468
36,BOMET,195.0,CHEPALUNGU,975.0,SIONGIROI,120,UMOJA PRIMARY SCHOOL,36195097512001,UMOJA PRIMARY SCHOOL,345
36,BOMET,195.0,CHEPALUNGU,975.0,SIONGIROI,121,KAPOLESEROI PRIMARY SCHOOL,36195097512101,KAPOLESEROI PRIMARY SCHOOL,665
36,BOMET,195.0,CHEPALUNGU,975.0,SIONGIROI,122,MASINDONI PRIMARY SCHOOL,36195097512201,MASINDONI PRIMARY SCHOOL,686
36,BOMET,195.0,CHEPALUNGU,975.0,SIONGIROI,123,SIMBEIYWET PRIMARY SCHOOL,36195097512301,SIMBEIYWET PRIMARY SCHOOL,414
36,BOMET,195.0,CHEPALUNGU,975.0,SIONGIROI,124,ATEBWA PRIMARY SCHOOL,36195097512401,ATEBWA PRIMARY SCHOOL,516
36,BOMET,195.0,CHEPALUNGU,975.0,SIONGIROI,125,KAPTWOLO PRIMARY SCHOOL,36195097512501,KAPTWOLO PRIMARY SCHOOL,626
36,BOMET,195.0,CHEPALUNGU,975.0,SIONGIROI,126,SIONGIROI PRIMARY SCHOOL,36195097512601,SIONGIROI PRIMARY SCHOOL,650
36,BOMET,195.0,CHEPALUNGU,975.0,SIONGIROI,126,SIONGIROI PRIMARY SCHOOL,36195097512602,SIONGIROI PRIMARY SCHOOL,649
36,BOMET,195.0,CHEPALUNGU,975.0,SIONGIROI,127,KAPAMBAN NURSERY SCHOOL,36195097512701,KAPAMBAN NURSERY SCHOOL,277
36,BOMET,195.0,CHEPALUNGU,975.0,SIONGIROI,128,CHEMAETANY PRIMARY SCHOOL,36195097512801,CHEMAETANY PRIMARY SCHOOL,400
36,BOMET,195.0,CHEPALUNGU,975.0,SIONGIROI,128,CHEMAETANY PRIMARY SCHOOL,36195097512802,CHEMAETANY PRIMARY SCHOOL,400
36,BOMET,195.0,CHEPALUNGU,975.0,SIONGIROI,129,YOYWANA PRIMARY SCHOOL,36195097512901,YOYWANA PRIMARY SCHOOL,390
36,BOMET,195.0,CHEPALUNGU,975.0,SIONGIROI,130,BING'WA PRIMARY SCHOOL,36195097513001,BING'WA PRIMARY SCHOOL,444
36,BOMET,195.0,CHEPALUNGU,975.0,SIONGIROI,130,BING'WA PRIMARY SCHOOL,36195097513002,BING'WA PRIMARY SCHOOL,444
36,BOMET,195.0,CHEPALUNGU,975.0,SIONGIROI,131,KAMUNDUGI PRIMARY SCHOOL,36195097513101,KAMUNDUGI PRIMARY SCHOOL,429
36,BOMET,195.0,CHEPALUNGU,975.0,SIONGIROI,132,CHELELACH PRIMARY SCHOOL,36195097513201,CHELELACH PRIMARY SCHOOL,412
36,BOMET,195.0,CHEPALUNGU,975.0,SIONGIROI,133,CHEPLELIET PRIMARY SCHOOL,36195097513301,CHEPLELIET PRIMARY SCHOOL,443
36,BOMET,195.0,CHEPALUNGU,975.0,SIONGIROI,134,KAPSINENDET PRIMARY SCHOOL,36195097513401,KAPSINENDET PRIMARY SCHOOL,532
36,BOMET,195.0,CHEPALUNGU,975.0,SIONGIROI,135,NG'ENENET PRIMARY SCHOOL,36195097513501,NG'ENENET PRIMARY SCHOOL,356
36,BOMET,195.0,CHEPALUNGU,975.0,SIONGIROI,135,NG'ENENET PRIMARY SCHOOL,36195097513502,NG'ENENET PRIMARY SCHOOL,356
36,BOMET,195.0,CHEPALUNGU,975.0,SIONGIROI,136,KAMUNGEI TRADING CENTRE,36195097513601,KAMUNGEI TRADING CENTRE,338
36,BOMET,195.0,CHEPALUNGU,975.0,SIONGIROI,137,KAPISIMBA PRIMARY SCHOOL,36195097513701,KAPISIMBA PRIMARY SCHOOL,478
36,BOMET,195.0,CHEPALUNGU,975.0,SIONGIROI,137,KAPISIMBA PRIMARY SCHOOL,36195097513702,KAPISIMBA PRIMARY SCHOOL,477
36,BOMET,195.0,CHEPALUNGU,975.0,SIONGIROI,138,CHEMAGEL PRIMARY SCHOOL,36195097513801,CHEMAGEL PRIMARY SCHOOL,401
36,BOMET,195.0,CHEPALUNGU,975.0,SIONGIROI,150,SIMOTWET PRIMARY SCHOOL,36195097515001,SIMOTWET PRIMARY SCHOOL,173
36,BOMET,195.0,CHEPALUNGU,975.0,SIONGIROI,151,LELDET PRIMARY SCHOOL,36195097515101,LELDET PRIMARY SCHOOL,183
36,BOMET,195.0,CHEPALUNGU,975.0,SIONGIROI,152,CHESOGORI PRIMARY SCHOOL,36195097515201,CHESOGORI PRIMARY SCHOOL,200
36,BOMET,195.0,CHEPALUNGU,975.0,SIONGIROI,153,KIPTENDEN PRIMARY SCHOOL,36195097515301,KIPTENDEN PRIMARY SCHOOL,249
36,BOMET,196.0,BOMET EAST,976.0,MERIGI,1,KIROMWOK PRIMARY SCHOOL,36196097600101,KIROMWOK PRIMARY SCHOOL,657
36,BOMET,196.0,BOMET EAST,976.0,MERIGI,1,KIROMWOK PRIMARY SCHOOL,36196097600102,KIROMWOK PRIMARY SCHOOL,656
36,BOMET,196.0,BOMET EAST,976.0,MERIGI,2,KAPKESIEGO PRIMARY SCHOOL,36196097600201,KAPKESIEGO PRIMARY SCHOOL,318
36,BOMET,196.0,BOMET EAST,976.0,MERIGI,3,KIPTOGOCH PRIMARY SCHOOL,36196097600301,KIPTOGOCH PRIMARY SCHOOL,597
36,BOMET,196.0,BOMET EAST,976.0,MERIGI,4,BUKACHA PRIMARY SCHOOL,36196097600401,BUKACHA PRIMARY SCHOOL,354
36,BOMET,196.0,BOMET EAST,976.0,MERIGI,4,BUKACHA PRIMARY SCHOOL,36196097600402,BUKACHA PRIMARY SCHOOL,354
36,BOMET,196.0,BOMET EAST,976.0,MERIGI,5,MONONWET PRIMARY SCHOOL,36196097600501,MONONWET PRIMARY SCHOOL,432
36,BOMET,196.0,BOMET EAST,976.0,MERIGI,6,TUMOIYOT PRIMARY SCHOOL,36196097600601,TUMOIYOT PRIMARY SCHOOL,372
36,BOMET,196.0,BOMET EAST,976.0,MERIGI,6,TUMOIYOT PRIMARY SCHOOL,36196097600602,TUMOIYOT PRIMARY SCHOOL,372
36,BOMET,196.0,BOMET EAST,976.0,MERIGI,7,MAGENJI PRIMARY SCHOOL,36196097600701,MAGENJI PRIMARY SCHOOL,355
36,BOMET,196.0,BOMET EAST,976.0,MERIGI,8,MENET PRIMARY SCHOOL,36196097600801,MENET PRIMARY SCHOOL,431
36,BOMET,196.0,BOMET EAST,976.0,MERIGI,8,MENET PRIMARY SCHOOL,36196097600802,MENET PRIMARY SCHOOL,430
36,BOMET,196.0,BOMET EAST,976.0,MERIGI,9,RAIYA PRIMARY SCHOOL,36196097600901,RAIYA PRIMARY SCHOOL,676
36,BOMET,196.0,BOMET EAST,976.0,MERIGI,10,MATARMAT PRIMARY SCHOOL,36196097601001,MATARMAT PRIMARY SCHOOL,374
36,BOMET,196.0,BOMET EAST,976.0,MERIGI,10,MATARMAT PRIMARY SCHOOL,36196097601002,MATARMAT PRIMARY SCHOOL,374
36,BOMET,196.0,BOMET EAST,976.0,MERIGI,11,MERIGI PRIMARY SCHOOL,36196097601101,MERIGI PRIMARY SCHOOL,515
36,BOMET,196.0,BOMET EAST,976.0,MERIGI,11,MERIGI PRIMARY SCHOOL,36196097601102,MERIGI PRIMARY SCHOOL,514
36,BOMET,196.0,BOMET EAST,976.0,MERIGI,12,KAPSIMBIRI PRIMARY SCHOOL,36196097601201,KAPSIMBIRI PRIMARY SCHOOL,647
36,BOMET,196.0,BOMET EAST,976.0,MERIGI,12,KAPSIMBIRI PRIMARY SCHOOL,36196097601202,KAPSIMBIRI PRIMARY SCHOOL,646
36,BOMET,196.0,BOMET EAST,976.0,MERIGI,13,BILELGA PRIMARY SCHOOL,36196097601301,BILELGA PRIMARY SCHOOL,580
36,BOMET,196.0,BOMET EAST,976.0,MERIGI,14,BOMET MUNICIPAL COUNCIL HALL,36196097601401,BOMET MUNICIPAL COUNCIL HALL,614
36,BOMET,196.0,BOMET EAST,976.0,MERIGI,14,BOMET MUNICIPAL COUNCIL HALL,36196097601402,BOMET MUNICIPAL COUNCIL HALL,613
36,BOMET,196.0,BOMET EAST,976.0,MERIGI,14,BOMET MUNICIPAL COUNCIL HALL,36196097601403,BOMET MUNICIPAL COUNCIL HALL,613
36,BOMET,196.0,BOMET EAST,976.0,MERIGI,15,CHEPKOLON PRIMARY SCHOOL,36196097601501,CHEPKOLON PRIMARY SCHOOL,496
36,BOMET,196.0,BOMET EAST,976.0,MERIGI,15,CHEPKOLON PRIMARY SCHOOL,36196097601502,CHEPKOLON PRIMARY SCHOOL,496
36,BOMET,196.0,BOMET EAST,976.0,MERIGI,16,TIROTO PRIMARY SCHOOL,36196097601601,TIROTO PRIMARY SCHOOL,620
36,BOMET,196.0,BOMET EAST,976.0,MERIGI,17,CHEBISIAN PRIMARY SCHOOL,36196097601701,CHEBISIAN PRIMARY SCHOOL,680
36,BOMET,196.0,BOMET EAST,976.0,MERIGI,81,SAPARET PRIMARY SCHOOL,36196097608101,SAPARET PRIMARY SCHOOL,165
36,BOMET,196.0,BOMET EAST,976.0,MERIGI,82,IRWAGA PRIMARY SCHOOL,36196097608201,IRWAGA PRIMARY SCHOOL,260
36,BOMET,196.0,BOMET EAST,976.0,MERIGI,83,BELGUT PRIMARY SCHOOL,36196097608301,BELGUT PRIMARY SCHOOL,310
36,BOMET,196.0,BOMET EAST,976.0,MERIGI,84,KOISOMOI ST. JOSEPH'S PRIMARY SCHOOL,36196097608401,KOISOMOI ST. JOSEPH'S PRIMARY SCHO,152
36,BOMET,196.0,BOMET EAST,977.0,KEMBU,18,KIPYOSIT PRIMARY SCHOOL,36196097701801,KIPYOSIT PRIMARY SCHOOL,556
36,BOMET,196.0,BOMET EAST,977.0,KEMBU,18,KIPYOSIT PRIMARY SCHOOL,36196097701802,KIPYOSIT PRIMARY SCHOOL,555
36,BOMET,196.0,BOMET EAST,977.0,KEMBU,19,LALAKIN PRIMARY SCHOOL,36196097701901,LALAKIN PRIMARY SCHOOL,494
36,BOMET,196.0,BOMET EAST,977.0,KEMBU,20,SAOSET PRIMARY SCHOOL,36196097702001,SAOSET PRIMARY SCHOOL,608
36,BOMET,196.0,BOMET EAST,977.0,KEMBU,21,TEGAT PRIMARY SCHOOL,36196097702101,TEGAT PRIMARY SCHOOL,521
36,BOMET,196.0,BOMET EAST,977.0,KEMBU,21,TEGAT PRIMARY SCHOOL,36196097702102,TEGAT PRIMARY SCHOOL,521
36,BOMET,196.0,BOMET EAST,977.0,KEMBU,22,SONOIYA PRIMARY SCHOOL,36196097702201,SONOIYA PRIMARY SCHOOL,504
36,BOMET,196.0,BOMET EAST,977.0,KEMBU,23,KIPKURION PRIMARY SCHOOL,36196097702301,KIPKURION PRIMARY SCHOOL,591
36,BOMET,196.0,BOMET EAST,977.0,KEMBU,24,WASEGA PRIMARY SCHOOL,36196097702401,WASEGA PRIMARY SCHOOL,597
36,BOMET,196.0,BOMET EAST,977.0,KEMBU,25,CHEMENGWA DISPENSARY,36196097702501,CHEMENGWA DISPENSARY,551
36,BOMET,196.0,BOMET EAST,977.0,KEMBU,26,KAGOECH TEA BUYING CENTRE,36196097702601,KAGOECH TEA BUYING CENTRE,279
36,BOMET,196.0,BOMET EAST,977.0,KEMBU,27,MOGITUI PRIMARY SCHOOL,36196097702701,MOGITUI PRIMARY SCHOOL,528
36,BOMET,196.0,BOMET EAST,977.0,KEMBU,28,CHEPKITWAL PRIMARY SCHOOL,36196097702801,CHEPKITWAL PRIMARY SCHOOL,617
36,BOMET,196.0,BOMET EAST,977.0,KEMBU,29,MURANY PRIMARY SCHOOL,36196097702901,MURANY PRIMARY SCHOOL,508
36,BOMET,196.0,BOMET EAST,977.0,KEMBU,30,MURWONGOI PRIMARY SCHOOL,36196097703001,MURWONGOI PRIMARY SCHOOL,463
36,BOMET,196.0,BOMET EAST,977.0,KEMBU,31,KAPORUSO PRIMARY SCHOOL,36196097703101,KAPORUSO PRIMARY SCHOOL,467
36,BOMET,196.0,BOMET EAST,977.0,KEMBU,31,KAPORUSO PRIMARY SCHOOL,36196097703102,KAPORUSO PRIMARY SCHOOL,466
36,BOMET,196.0,BOMET EAST,977.0,KEMBU,32,KEMBU PRIMARY SCHOOL,36196097703201,KEMBU PRIMARY SCHOOL,497
36,BOMET,196.0,BOMET EAST,977.0,KEMBU,33,KEMBU HEALTH CENTRE.,36196097703301,KEMBU HEALTH CENTRE.,400
36,BOMET,196.0,BOMET EAST,977.0,KEMBU,33,KEMBU HEALTH CENTRE.,36196097703302,KEMBU HEALTH CENTRE.,399
36,BOMET,196.0,BOMET EAST,977.0,KEMBU,34,MOGOMA PRIMARY SCHOOL,36196097703401,MOGOMA PRIMARY SCHOOL,676
36,BOMET,196.0,BOMET EAST,977.0,KEMBU,35,KINYOSE PRIMARY SCHOOL,36196097703501,KINYOSE PRIMARY SCHOOL,333
36,BOMET,196.0,BOMET EAST,977.0,KEMBU,36,KONGOTIK PRIMARY SCHOOL,36196097703601,KONGOTIK PRIMARY SCHOOL,503
36,BOMET,196.0,BOMET EAST,977.0,KEMBU,36,KONGOTIK PRIMARY SCHOOL,36196097703602,KONGOTIK PRIMARY SCHOOL,503
36,BOMET,196.0,BOMET EAST,977.0,KEMBU,37,LEBEKWET PRIMARY SCHOOL,36196097703701,LEBEKWET PRIMARY SCHOOL,387
36,BOMET,196.0,BOMET EAST,977.0,KEMBU,85,TACH ASIS PRIMARY SCHOOL,36196097708501,TACH ASIS PRIMARY SCHOOL,248
36,BOMET,196.0,BOMET EAST,977.0,KEMBU,86,BOREIYWEK PRIMARY SCHOOL,36196097708601,BOREIYWEK PRIMARY SCHOOL,129
36,BOMET,196.0,BOMET EAST,978.0,LONGISA,38,CHEBOIN PRIMARY SCHOOL,36196097803801,CHEBOIN PRIMARY SCHOOL,624
36,BOMET,196.0,BOMET EAST,978.0,LONGISA,38,CHEBOIN PRIMARY SCHOOL,36196097803802,CHEBOIN PRIMARY SCHOOL,623
36,BOMET,196.0,BOMET EAST,978.0,LONGISA,39,MASARE PRIMARY SCHOOL,36196097803901,MASARE PRIMARY SCHOOL,396
36,BOMET,196.0,BOMET EAST,978.0,LONGISA,39,MASARE PRIMARY SCHOOL,36196097803902,MASARE PRIMARY SCHOOL,396
36,BOMET,196.0,BOMET EAST,978.0,LONGISA,40,LEKIMBO PRIMARY SCHOOL,36196097804001,LEKIMBO PRIMARY SCHOOL,556
36,BOMET,196.0,BOMET EAST,978.0,LONGISA,40,LEKIMBO PRIMARY SCHOOL,36196097804002,LEKIMBO PRIMARY SCHOOL,555
36,BOMET,196.0,BOMET EAST,978.0,LONGISA,41,EMITIOT PRIMARY SCHOOL,36196097804101,EMITIOT PRIMARY SCHOOL,528
36,BOMET,196.0,BOMET EAST,978.0,LONGISA,41,EMITIOT PRIMARY SCHOOL,36196097804102,EMITIOT PRIMARY SCHOOL,528
36,BOMET,196.0,BOMET EAST,978.0,LONGISA,42,CENTRAL PRIMARY SCHOOL,36196097804201,CENTRAL PRIMARY SCHOOL,512
36,BOMET,196.0,BOMET EAST,978.0,LONGISA,43,KIPTULWA PRIMARY SCHOOL,36196097804301,KIPTULWA PRIMARY SCHOOL,431
36,BOMET,196.0,BOMET EAST,978.0,LONGISA,43,KIPTULWA PRIMARY SCHOOL,36196097804302,KIPTULWA PRIMARY SCHOOL,430
36,BOMET,196.0,BOMET EAST,978.0,LONGISA,44,LONGISA PRIMARY SCHOOL,36196097804401,LONGISA PRIMARY SCHOOL,484
36,BOMET,196.0,BOMET EAST,978.0,LONGISA,44,LONGISA PRIMARY SCHOOL,36196097804402,LONGISA PRIMARY SCHOOL,483
36,BOMET,196.0,BOMET EAST,978.0,LONGISA,44,LONGISA PRIMARY SCHOOL,36196097804403,LONGISA PRIMARY SCHOOL,483
36,BOMET,196.0,BOMET EAST,978.0,LONGISA,45,KOIBEYON PRIMARY SCHOOL,36196097804501,KOIBEYON PRIMARY SCHOOL,677
36,BOMET,196.0,BOMET EAST,978.0,LONGISA,45,KOIBEYON PRIMARY SCHOOL,36196097804502,KOIBEYON PRIMARY SCHOOL,677
36,BOMET,196.0,BOMET EAST,978.0,LONGISA,46,NORERA PRIMARY SCHOOL,36196097804601,NORERA PRIMARY SCHOOL,538
36,BOMET,196.0,BOMET EAST,978.0,LONGISA,47,SAMITUK NURSERY SCHOOL,36196097804701,SAMITUK NURSERY SCHOOL,657
36,BOMET,196.0,BOMET EAST,978.0,LONGISA,48,KAPKIMOLWA PRIMARY SCHOOL,36196097804801,KAPKIMOLWA PRIMARY SCHOOL,531
36,BOMET,196.0,BOMET EAST,978.0,LONGISA,48,KAPKIMOLWA PRIMARY SCHOOL,36196097804802,KAPKIMOLWA PRIMARY SCHOOL,531
36,BOMET,196.0,BOMET EAST,978.0,LONGISA,49,OLNG OSWET PRIMARY SCHOOL,36196097804901,OLNG OSWET PRIMARY SCHOOL,440
36,BOMET,196.0,BOMET EAST,978.0,LONGISA,49,OLNG OSWET PRIMARY SCHOOL,36196097804902,OLNG OSWET PRIMARY SCHOOL,439
36,BOMET,196.0,BOMET EAST,978.0,LONGISA,50,KIPTOBIT PRIMARY SCHOOL,36196097805001,KIPTOBIT PRIMARY SCHOOL,624
36,BOMET,196.0,BOMET EAST,978.0,LONGISA,51,KUGUNOI PRIMARY SCHOOL,36196097805101,KUGUNOI PRIMARY SCHOOL,587
36,BOMET,196.0,BOMET EAST,978.0,LONGISA,52,KORARA PRIMARY SCHOOL,36196097805201,KORARA PRIMARY SCHOOL,415
36,BOMET,196.0,BOMET EAST,978.0,LONGISA,52,KORARA PRIMARY SCHOOL,36196097805202,KORARA PRIMARY SCHOOL,414
36,BOMET,196.0,BOMET EAST,978.0,LONGISA,53,KAPCHELUCH PRIMARY SCHOOL,36196097805301,KAPCHELUCH PRIMARY SCHOOL,638
36,BOMET,196.0,BOMET EAST,978.0,LONGISA,87,NOKIRWET PRIMARY SCHOOL,36196097808701,NOKIRWET PRIMARY SCHOOL,203
36,BOMET,196.0,BOMET EAST,978.0,LONGISA,88,CHEPKIRIB PRIMARY SCHOOL,36196097808801,CHEPKIRIB PRIMARY SCHOOL,176
36,BOMET,196.0,BOMET EAST,979.0,KIPRERES,54,SIWOT PRIMARY SCHOOL,36196097905401,SIWOT PRIMARY SCHOOL,406
36,BOMET,196.0,BOMET EAST,979.0,KIPRERES,54,SIWOT PRIMARY SCHOOL,36196097905402,SIWOT PRIMARY SCHOOL,405
36,BOMET,196.0,BOMET EAST,979.0,KIPRERES,55,KIBISORONIK PRIMARY SCHOOL,36196097905501,KIBISORONIK PRIMARY SCHOOL,450
36,BOMET,196.0,BOMET EAST,979.0,KIPRERES,56,NDUBAI PRIMARY SCHOOL,36196097905601,NDUBAI PRIMARY SCHOOL,446
36,BOMET,196.0,BOMET EAST,979.0,KIPRERES,56,NDUBAI PRIMARY SCHOOL,36196097905602,NDUBAI PRIMARY SCHOOL,445
36,BOMET,196.0,BOMET EAST,979.0,KIPRERES,57,CHEBOROR PRIMARY SCHOOL,36196097905701,CHEBOROR PRIMARY SCHOOL,626
36,BOMET,196.0,BOMET EAST,979.0,KIPRERES,58,CHELEMEI PRIMARY SCHOOL,36196097905801,CHELEMEI PRIMARY SCHOOL,502
36,BOMET,196.0,BOMET EAST,979.0,KIPRERES,59,KIPRERES PRIMARY SCHOOL,36196097905901,KIPRERES PRIMARY SCHOOL,425
36,BOMET,196.0,BOMET EAST,979.0,KIPRERES,59,KIPRERES PRIMARY SCHOOL,36196097905902,KIPRERES PRIMARY SCHOOL,425
36,BOMET,196.0,BOMET EAST,979.0,KIPRERES,60,KOITA PRIMARY SCHOOL,36196097906001,KOITA PRIMARY SCHOOL,501
36,BOMET,196.0,BOMET EAST,979.0,KIPRERES,61,KIPLABOTWA PRIMARY SCHOOL,36196097906101,KIPLABOTWA PRIMARY SCHOOL,471
36,BOMET,196.0,BOMET EAST,979.0,KIPRERES,61,KIPLABOTWA PRIMARY SCHOOL,36196097906102,KIPLABOTWA PRIMARY SCHOOL,471
36,BOMET,196.0,BOMET EAST,979.0,KIPRERES,62,MULOT PRIMARY SCHOOL,36196097906201,MULOT PRIMARY SCHOOL,499
36,BOMET,196.0,BOMET EAST,979.0,KIPRERES,62,MULOT PRIMARY SCHOOL,36196097906202,MULOT PRIMARY SCHOOL,498
36,BOMET,196.0,BOMET EAST,979.0,KIPRERES,62,MULOT PRIMARY SCHOOL,36196097906203,MULOT PRIMARY SCHOOL,498
36,BOMET,196.0,BOMET EAST,979.0,KIPRERES,63,OLBOBO PRIMARY SCHOOL,36196097906301,OLBOBO PRIMARY SCHOOL,450
36,BOMET,196.0,BOMET EAST,979.0,KIPRERES,63,OLBOBO PRIMARY SCHOOL,36196097906302,OLBOBO PRIMARY SCHOOL,450
36,BOMET,196.0,BOMET EAST,979.0,KIPRERES,64,SIMOTWET PRIMARY SCHOOL,36196097906401,SIMOTWET PRIMARY SCHOOL,468
36,BOMET,196.0,BOMET EAST,979.0,KIPRERES,64,SIMOTWET PRIMARY SCHOOL,36196097906402,SIMOTWET PRIMARY SCHOOL,467
36,BOMET,196.0,BOMET EAST,979.0,KIPRERES,65,OLOKYIN HEALTH CENTRE.,36196097906501,OLOKYIN HEALTH CENTRE.,474
36,BOMET,196.0,BOMET EAST,979.0,KIPRERES,65,OLOKYIN HEALTH CENTRE.,36196097906502,OLOKYIN HEALTH CENTRE.,473
36,BOMET,196.0,BOMET EAST,979.0,KIPRERES,66,MENGIT PRIMARY SCHOOL,36196097906601,MENGIT PRIMARY SCHOOL,514
36,BOMET,196.0,BOMET EAST,979.0,KIPRERES,67,TORONIK PRIMARY SCHOOL,36196097906701,TORONIK PRIMARY SCHOOL,384
36,BOMET,196.0,BOMET EAST,979.0,KIPRERES,67,TORONIK PRIMARY SCHOOL,36196097906702,TORONIK PRIMARY SCHOOL,384
36,BOMET,196.0,BOMET EAST,979.0,KIPRERES,89,MUYONDO ECDE CENTRE,36196097908901,MUYONDO ECDE CENTRE,143
36,BOMET,196.0,BOMET EAST,979.0,KIPRERES,90,NDABIBI PRIMARY SCHOOL,36196097909001,NDABIBI PRIMARY SCHOOL,229
36,BOMET,196.0,BOMET EAST,979.0,KIPRERES,91,MARABAEK ECDE CENTRE,36196097909101,MARABAEK ECDE CENTRE,196
36,BOMET,196.0,BOMET EAST,979.0,KIPRERES,92,NYAURURU PRIMARY SCHOOL,36196097909201,NYAURURU PRIMARY SCHOOL,135
36,BOMET,196.0,BOMET EAST,979.0,KIPRERES,93,KALYET PRIMARY SCHOOL,36196097909301,KALYET PRIMARY SCHOOL,266
36,BOMET,196.0,BOMET EAST,980.0,CHEMANER,68,MANGOITA PRIMARY SCHOOL,36196098006801,MANGOITA PRIMARY SCHOOL,579
36,BOMET,196.0,BOMET EAST,980.0,CHEMANER,69,LELKATET PRIMARY SCHOOL,36196098006901,LELKATET PRIMARY SCHOOL,563
36,BOMET,196.0,BOMET EAST,980.0,CHEMANER,69,LELKATET PRIMARY SCHOOL,36196098006902,LELKATET PRIMARY SCHOOL,563
36,BOMET,196.0,BOMET EAST,980.0,CHEMANER,70,KIMUCHUL PRIMARY SCHOOL,36196098007001,KIMUCHUL PRIMARY SCHOOL,565
36,BOMET,196.0,BOMET EAST,980.0,CHEMANER,70,KIMUCHUL PRIMARY SCHOOL,36196098007002,KIMUCHUL PRIMARY SCHOOL,564
36,BOMET,196.0,BOMET EAST,980.0,CHEMANER,71,MATECHA PRIMARY SCHOOL,36196098007101,MATECHA PRIMARY SCHOOL,463
36,BOMET,196.0,BOMET EAST,980.0,CHEMANER,72,BUKUNYE PRIMARY SCHOOL,36196098007201,BUKUNYE PRIMARY SCHOOL,397
36,BOMET,196.0,BOMET EAST,980.0,CHEMANER,72,BUKUNYE PRIMARY SCHOOL,36196098007202,BUKUNYE PRIMARY SCHOOL,397
36,BOMET,196.0,BOMET EAST,980.0,CHEMANER,73,KURESIET NURSERY SCHOOL,36196098007301,KURESIET NURSERY SCHOOL,464
36,BOMET,196.0,BOMET EAST,980.0,CHEMANER,74,CHEMANER TEA BUYING CENTRE.,36196098007401,CHEMANER TEA BUYING CENTRE.,433
36,BOMET,196.0,BOMET EAST,980.0,CHEMANER,74,CHEMANER TEA BUYING CENTRE.,36196098007402,CHEMANER TEA BUYING CENTRE.,433
36,BOMET,196.0,BOMET EAST,980.0,CHEMANER,75,KIBIWOT PRIMARY SCHOOL,36196098007501,KIBIWOT PRIMARY SCHOOL,514
36,BOMET,196.0,BOMET EAST,980.0,CHEMANER,76,CHEMANER PRIMARY SCHOOL,36196098007601,CHEMANER PRIMARY SCHOOL,685
36,BOMET,196.0,BOMET EAST,980.0,CHEMANER,77,CHAMBORI PRIMARY SCHOOL,36196098007701,CHAMBORI PRIMARY SCHOOL,383
36,BOMET,196.0,BOMET EAST,980.0,CHEMANER,77,CHAMBORI PRIMARY SCHOOL,36196098007702,CHAMBORI PRIMARY SCHOOL,383
36,BOMET,196.0,BOMET EAST,980.0,CHEMANER,78,KIPKOLIGO PRIMARY SCHOOL,36196098007801,KIPKOLIGO PRIMARY SCHOOL,428
36,BOMET,196.0,BOMET EAST,980.0,CHEMANER,79,SIGOWET PRIMARY SCHOOL,36196098007901,SIGOWET PRIMARY SCHOOL,528
36,BOMET,196.0,BOMET EAST,980.0,CHEMANER,80,KAKIMIRAI PRIMARY SCHOOL,36196098008001,KAKIMIRAI PRIMARY SCHOOL,554
36,BOMET,196.0,BOMET EAST,980.0,CHEMANER,94,KAMINJEIWET PRIMARY SCHOOL,36196098009401,KAMINJEIWET PRIMARY SCHOOL,149
36,BOMET,196.0,BOMET EAST,980.0,CHEMANER,95,CHANGCHEGO PRIMARY SCHOOL,36196098009501,CHANGCHEGO PRIMARY SCHOOL,220
36,BOMET,196.0,BOMET EAST,980.0,CHEMANER,96,CHEIMEN ECDE CENTRE,36196098009601,CHEIMEN ECDE CENTRE,124
36,BOMET,197.0,BOMET CENTRAL,981.0,SILIBWET TOWNSHIP,1,EMKWEN YOUTH POLYTECHNIC,36197098100101,EMKWEN YOUTH POLYTECHNIC,469
36,BOMET,197.0,BOMET CENTRAL,981.0,SILIBWET TOWNSHIP,1,EMKWEN YOUTH POLYTECHNIC,36197098100102,EMKWEN YOUTH POLYTECHNIC,469
36,BOMET,197.0,BOMET CENTRAL,981.0,SILIBWET TOWNSHIP,1,EMKWEN YOUTH POLYTECHNIC,36197098100103,EMKWEN YOUTH POLYTECHNIC,469
36,BOMET,197.0,BOMET CENTRAL,981.0,SILIBWET TOWNSHIP,2,TENWEK PRIMARY SCHOOL,36197098100201,TENWEK PRIMARY SCHOOL,602
36,BOMET,197.0,BOMET CENTRAL,981.0,SILIBWET TOWNSHIP,3,MANYATTA PRIMARY SCHOOL,36197098100301,MANYATTA PRIMARY SCHOOL,359
36,BOMET,197.0,BOMET CENTRAL,981.0,SILIBWET TOWNSHIP,3,MANYATTA PRIMARY SCHOOL,36197098100302,MANYATTA PRIMARY SCHOOL,358
36,BOMET,197.0,BOMET CENTRAL,981.0,SILIBWET TOWNSHIP,4,KAPSIMOTWA PRIMARY SCHOOL,36197098100401,KAPSIMOTWA PRIMARY SCHOOL,592
36,BOMET,197.0,BOMET CENTRAL,981.0,SILIBWET TOWNSHIP,4,KAPSIMOTWA PRIMARY SCHOOL,36197098100402,KAPSIMOTWA PRIMARY SCHOOL,592
36,BOMET,197.0,BOMET CENTRAL,981.0,SILIBWET TOWNSHIP,4,KAPSIMOTWA PRIMARY SCHOOL,36197098100403,KAPSIMOTWA PRIMARY SCHOOL,592
36,BOMET,197.0,BOMET CENTRAL,981.0,SILIBWET TOWNSHIP,5,BOMET PRIMARY SCHOOL,36197098100501,BOMET PRIMARY SCHOOL,611
36,BOMET,197.0,BOMET CENTRAL,981.0,SILIBWET TOWNSHIP,5,BOMET PRIMARY SCHOOL,36197098100502,BOMET PRIMARY SCHOOL,611
36,BOMET,197.0,BOMET CENTRAL,981.0,SILIBWET TOWNSHIP,5,BOMET PRIMARY SCHOOL,36197098100503,BOMET PRIMARY SCHOOL,611
36,BOMET,197.0,BOMET CENTRAL,981.0,SILIBWET TOWNSHIP,5,BOMET PRIMARY SCHOOL,36197098100504,BOMET PRIMARY SCHOOL,611
36,BOMET,197.0,BOMET CENTRAL,981.0,SILIBWET TOWNSHIP,5,BOMET PRIMARY SCHOOL,36197098100505,BOMET PRIMARY SCHOOL,610
36,BOMET,197.0,BOMET CENTRAL,981.0,SILIBWET TOWNSHIP,5,BOMET PRIMARY SCHOOL,36197098100506,BOMET PRIMARY SCHOOL,610
36,BOMET,197.0,BOMET CENTRAL,981.0,SILIBWET TOWNSHIP,6,TUMOIYOT CENTRAL PRIMARY SCHOOL,36197098100601,TUMOIYOT CENTRAL PRIMARY SCHOO,638
36,BOMET,197.0,BOMET CENTRAL,981.0,SILIBWET TOWNSHIP,7,CHEPNG AINA PRIMARY SCHOOL,36197098100701,CHEPNG AINA PRIMARY SCHOOL,566
36,BOMET,197.0,BOMET CENTRAL,981.0,SILIBWET TOWNSHIP,7,CHEPNG AINA PRIMARY SCHOOL,36197098100702,CHEPNG AINA PRIMARY SCHOOL,565
36,BOMET,197.0,BOMET CENTRAL,981.0,SILIBWET TOWNSHIP,8,MOTIGO PRIMARY SCHOOL,36197098100801,MOTIGO PRIMARY SCHOOL,389
36,BOMET,197.0,BOMET CENTRAL,981.0,SILIBWET TOWNSHIP,8,MOTIGO PRIMARY SCHOOL,36197098100802,MOTIGO PRIMARY SCHOOL,388
36,BOMET,197.0,BOMET CENTRAL,981.0,SILIBWET TOWNSHIP,9,NJERIAN PRIMARY SCHOOL,36197098100901,NJERIAN PRIMARY SCHOOL,493
36,BOMET,197.0,BOMET CENTRAL,981.0,SILIBWET TOWNSHIP,9,NJERIAN PRIMARY SCHOOL,36197098100902,NJERIAN PRIMARY SCHOOL,493
36,BOMET,197.0,BOMET CENTRAL,981.0,SILIBWET TOWNSHIP,10,CHEPKONGONY PRIMARY SCHOOL,36197098101001,CHEPKONGONY PRIMARY SCHOOL,362
36,BOMET,197.0,BOMET CENTRAL,981.0,SILIBWET TOWNSHIP,10,CHEPKONGONY PRIMARY SCHOOL,36197098101002,CHEPKONGONY PRIMARY SCHOOL,362
36,BOMET,197.0,BOMET CENTRAL,981.0,SILIBWET TOWNSHIP,11,MOBURO PRIMARY SCHOOL,36197098101101,MOBURO PRIMARY SCHOOL,400
36,BOMET,197.0,BOMET CENTRAL,981.0,SILIBWET TOWNSHIP,12,SILIBWET TEA BUYING CENTRE,36197098101201,SILIBWET TEA BUYING CENTRE,414
36,BOMET,197.0,BOMET CENTRAL,981.0,SILIBWET TOWNSHIP,13,SILIBWET PRIMARY SCHOOL,36197098101301,SILIBWET PRIMARY SCHOOL,486
36,BOMET,197.0,BOMET CENTRAL,981.0,SILIBWET TOWNSHIP,13,SILIBWET PRIMARY SCHOOL,36197098101302,SILIBWET PRIMARY SCHOOL,486
36,BOMET,197.0,BOMET CENTRAL,981.0,SILIBWET TOWNSHIP,14,DR STEURY MEMORIAL PRIMARY SCHOOL,36197098101401,DR STEURY MEMORIAL PRIMARY SCHO,443
36,BOMET,197.0,BOMET CENTRAL,981.0,SILIBWET TOWNSHIP,14,DR STEURY MEMORIAL PRIMARY SCHOOL,36197098101402,DR STEURY MEMORIAL PRIMARY SCHO,443
36,BOMET,197.0,BOMET CENTRAL,981.0,SILIBWET TOWNSHIP,15,KECHEIYAT PRIMARY SCHOOL,36197098101501,KECHEIYAT PRIMARY SCHOOL,346
36,BOMET,197.0,BOMET CENTRAL,981.0,SILIBWET TOWNSHIP,16,KAPSOIYO PRIMARY SCHOOL,36197098101601,KAPSOIYO PRIMARY SCHOOL,427
36,BOMET,197.0,BOMET CENTRAL,981.0,SILIBWET TOWNSHIP,16,KAPSOIYO PRIMARY SCHOOL,36197098101602,KAPSOIYO PRIMARY SCHOOL,427
36,BOMET,197.0,BOMET CENTRAL,981.0,SILIBWET TOWNSHIP,17,CHEBOINGONG PRIMARY SCHOOL,36197098101701,CHEBOINGONG PRIMARY SCHOOL,512
36,BOMET,197.0,BOMET CENTRAL,981.0,SILIBWET TOWNSHIP,17,CHEBOINGONG PRIMARY SCHOOL,36197098101702,CHEBOINGONG PRIMARY SCHOOL,512
36,BOMET,197.0,BOMET CENTRAL,981.0,SILIBWET TOWNSHIP,89,CHEMATICH PRIMARY SCHOOL,36197098108901,CHEMATICH PRIMARY SCHOOL,162
36,BOMET,197.0,BOMET CENTRAL,981.0,SILIBWET TOWNSHIP,90,KELYOT PRIMARY SCHOOL,36197098109001,KELYOT PRIMARY SCHOOL,274
36,BOMET,197.0,BOMET CENTRAL,981.0,SILIBWET TOWNSHIP,91,KAPKENINI PRIMARY SCHOOL,36197098109101,KAPKENINI PRIMARY SCHOOL,128
36,BOMET,197.0,BOMET CENTRAL,982.0,NDARAWETA,18,SONOKWEK PRIMARY SCHOOL,36197098201801,SONOKWEK PRIMARY SCHOOL,501
36,BOMET,197.0,BOMET CENTRAL,982.0,NDARAWETA,18,SONOKWEK PRIMARY SCHOOL,36197098201802,SONOKWEK PRIMARY SCHOOL,500
36,BOMET,197.0,BOMET CENTRAL,982.0,NDARAWETA,19,KABUSARE PRIMARY SCHOOL,36197098201901,KABUSARE PRIMARY SCHOOL,606
36,BOMET,197.0,BOMET CENTRAL,982.0,NDARAWETA,19,KABUSARE PRIMARY SCHOOL,36197098201902,KABUSARE PRIMARY SCHOOL,605
36,BOMET,197.0,BOMET CENTRAL,982.0,NDARAWETA,20,MOGINDO PRIMARY SCHOOL,36197098202001,MOGINDO PRIMARY SCHOOL,544
36,BOMET,197.0,BOMET CENTRAL,982.0,NDARAWETA,21,KAPTORORGO PRIMARY SCHOOL,36197098202101,KAPTORORGO PRIMARY SCHOOL,509
36,BOMET,197.0,BOMET CENTRAL,982.0,NDARAWETA,22,MOGOIYWET PRIMARY SCHOOL,36197098202201,MOGOIYWET PRIMARY SCHOOL,495
36,BOMET,197.0,BOMET CENTRAL,982.0,NDARAWETA,22,MOGOIYWET PRIMARY SCHOOL,36197098202202,MOGOIYWET PRIMARY SCHOOL,494
36,BOMET,197.0,BOMET CENTRAL,982.0,NDARAWETA,23,NGAINET TEA BUYING CENTRE,36197098202301,NGAINET TEA BUYING CENTRE,661
36,BOMET,197.0,BOMET CENTRAL,982.0,NDARAWETA,24,NDARAWETA PRIMARY SCHOOL,36197098202401,NDARAWETA PRIMARY SCHOOL,610
36,BOMET,197.0,BOMET CENTRAL,982.0,NDARAWETA,24,NDARAWETA PRIMARY SCHOOL,36197098202402,NDARAWETA PRIMARY SCHOOL,610
36,BOMET,197.0,BOMET CENTRAL,982.0,NDARAWETA,25,CHESWERTA PRIMARY SCHOOL,36197098202501,CHESWERTA PRIMARY SCHOOL,333
36,BOMET,197.0,BOMET CENTRAL,982.0,NDARAWETA,26,TAGARUTO PRIMARY SCHOOL,36197098202601,TAGARUTO PRIMARY SCHOOL,377
36,BOMET,197.0,BOMET CENTRAL,982.0,NDARAWETA,27,MONDOIYWET PRIMARY SCHOOL,36197098202701,MONDOIYWET PRIMARY SCHOOL,539
36,BOMET,197.0,BOMET CENTRAL,982.0,NDARAWETA,28,NYONGORES PRIMARY SCHOOL,36197098202801,NYONGORES PRIMARY SCHOOL,371
36,BOMET,197.0,BOMET CENTRAL,982.0,NDARAWETA,28,NYONGORES PRIMARY SCHOOL,36197098202802,NYONGORES PRIMARY SCHOOL,371
36,BOMET,197.0,BOMET CENTRAL,982.0,NDARAWETA,29,NYONGORES TEA BUYING CENTRE,36197098202901,NYONGORES TEA BUYING CENTRE,412
36,BOMET,197.0,BOMET CENTRAL,982.0,NDARAWETA,30,KWENIK- AB- ILET PRIMARY SCHOOL,36197098203001,KWENIK- AB- ILET PRIMARY SCHOOL,404
36,BOMET,197.0,BOMET CENTRAL,982.0,NDARAWETA,30,KWENIK- AB- ILET PRIMARY SCHOOL,36197098203002,KWENIK- AB- ILET PRIMARY SCHOOL,404
36,BOMET,197.0,BOMET CENTRAL,982.0,NDARAWETA,31,TEGANDA PRIMARY SCHOOL,36197098203101,TEGANDA PRIMARY SCHOOL,682
36,BOMET,197.0,BOMET CENTRAL,982.0,NDARAWETA,32,KAPNARIET PRIMARY SCHOOL,36197098203201,KAPNARIET PRIMARY SCHOOL,573
36,BOMET,197.0,BOMET CENTRAL,982.0,NDARAWETA,33,SOGOET PRIMARY SCHOOL,36197098203301,SOGOET PRIMARY SCHOOL,471
36,BOMET,197.0,BOMET CENTRAL,982.0,NDARAWETA,34,KAPKIGORWET PRIMARY SCHOOL,36197098203401,KAPKIGORWET PRIMARY SCHOOL,466
36,BOMET,197.0,BOMET CENTRAL,982.0,NDARAWETA,92,KAPCHELUCH 'B' PRIMARY SCHOOL,36197098209201,KAPCHELUCH 'B' PRIMARY SCHOOL,166
36,BOMET,197.0,BOMET CENTRAL,982.0,NDARAWETA,93,KIBOCHI PRIMARY SCHOOL,36197098209301,KIBOCHI PRIMARY SCHOOL,188
36,BOMET,197.0,BOMET CENTRAL,982.0,NDARAWETA,94,KAPTILOLWO PRIMARY SCHOOL,36197098209401,KAPTILOLWO PRIMARY SCHOOL,341
36,BOMET,197.0,BOMET CENTRAL,983.0,SINGORWET,35,BALEK PRIMARY SCHOOL,36197098303501,BALEK PRIMARY SCHOOL,633
36,BOMET,197.0,BOMET CENTRAL,983.0,SINGORWET,35,BALEK PRIMARY SCHOOL,36197098303502,BALEK PRIMARY SCHOOL,633
36,BOMET,197.0,BOMET CENTRAL,983.0,SINGORWET,36,SINGORWET PRIMARY SCHOOL,36197098303601,SINGORWET PRIMARY SCHOOL,390
36,BOMET,197.0,BOMET CENTRAL,983.0,SINGORWET,36,SINGORWET PRIMARY SCHOOL,36197098303602,SINGORWET PRIMARY SCHOOL,390
36,BOMET,197.0,BOMET CENTRAL,983.0,SINGORWET,37,KABUNGUT PRIMARY SCHOOL,36197098303701,KABUNGUT PRIMARY SCHOOL,372
36,BOMET,197.0,BOMET CENTRAL,983.0,SINGORWET,37,KABUNGUT PRIMARY SCHOOL,36197098303702,KABUNGUT PRIMARY SCHOOL,371
36,BOMET,197.0,BOMET CENTRAL,983.0,SINGORWET,38,SINGORWET TEA BUYING CENTRE,36197098303801,SINGORWET TEA BUYING CENTRE,370
36,BOMET,197.0,BOMET CENTRAL,983.0,SINGORWET,38,SINGORWET TEA BUYING CENTRE,36197098303802,SINGORWET TEA BUYING CENTRE,369
36,BOMET,197.0,BOMET CENTRAL,983.0,SINGORWET,39,CHEPKURBET PRIMARY SCHOOL,36197098303901,CHEPKURBET PRIMARY SCHOOL,616
36,BOMET,197.0,BOMET CENTRAL,983.0,SINGORWET,40,AISAIK PRIMARY SCHOOL,36197098304001,AISAIK PRIMARY SCHOOL,534
36,BOMET,197.0,BOMET CENTRAL,983.0,SINGORWET,40,AISAIK PRIMARY SCHOOL,36197098304002,AISAIK PRIMARY SCHOOL,533
36,BOMET,197.0,BOMET CENTRAL,983.0,SINGORWET,41,TIRGAGA PRIMARY SCHOOL,36197098304101,TIRGAGA PRIMARY SCHOOL,517
36,BOMET,197.0,BOMET CENTRAL,983.0,SINGORWET,41,TIRGAGA PRIMARY SCHOOL,36197098304102,TIRGAGA PRIMARY SCHOOL,516
36,BOMET,197.0,BOMET CENTRAL,983.0,SINGORWET,42,MUGANGO PRIMARY SCHOOL,36197098304201,MUGANGO PRIMARY SCHOOL,358
36,BOMET,197.0,BOMET CENTRAL,983.0,SINGORWET,42,MUGANGO PRIMARY SCHOOL,36197098304202,MUGANGO PRIMARY SCHOOL,358
36,BOMET,197.0,BOMET CENTRAL,983.0,SINGORWET,43,SALAIK PRIMARY SCHOOL,36197098304301,SALAIK PRIMARY SCHOOL,426
36,BOMET,197.0,BOMET CENTRAL,983.0,SINGORWET,43,SALAIK PRIMARY SCHOOL,36197098304302,SALAIK PRIMARY SCHOOL,426
36,BOMET,197.0,BOMET CENTRAL,983.0,SINGORWET,44,SEMOI PRIMARY SCHOOL,36197098304401,SEMOI PRIMARY SCHOOL,263
36,BOMET,197.0,BOMET CENTRAL,983.0,SINGORWET,45,KITOBEN PRIMARY SCHOOL,36197098304501,KITOBEN PRIMARY SCHOOL,475
36,BOMET,197.0,BOMET CENTRAL,983.0,SINGORWET,45,KITOBEN PRIMARY SCHOOL,36197098304502,KITOBEN PRIMARY SCHOOL,475
36,BOMET,197.0,BOMET CENTRAL,983.0,SINGORWET,46,MASESE PRIMARY SCHOOL,36197098304601,MASESE PRIMARY SCHOOL,359
36,BOMET,197.0,BOMET CENTRAL,983.0,SINGORWET,46,MASESE PRIMARY SCHOOL,36197098304602,MASESE PRIMARY SCHOOL,359
36,BOMET,197.0,BOMET CENTRAL,983.0,SINGORWET,47,OLMOTONYIK PRIMARY SCHOOL,36197098304701,OLMOTONYIK PRIMARY SCHOOL,450
36,BOMET,197.0,BOMET CENTRAL,983.0,SINGORWET,48,KAPSIGOWO PRIMARY SCHOOL,36197098304801,KAPSIGOWO PRIMARY SCHOOL,439
36,BOMET,197.0,BOMET CENTRAL,983.0,SINGORWET,49,SINENDET PRIMARY SCHOOL,36197098304901,SINENDET PRIMARY SCHOOL,427
36,BOMET,197.0,BOMET CENTRAL,983.0,SINGORWET,49,SINENDET PRIMARY SCHOOL,36197098304902,SINENDET PRIMARY SCHOOL,427
36,BOMET,197.0,BOMET CENTRAL,983.0,SINGORWET,50,SUSWONDO PRIMARY SCHOOL,36197098305001,SUSWONDO PRIMARY SCHOOL,343
36,BOMET,197.0,BOMET CENTRAL,983.0,SINGORWET,51,KIRISWO PRIMARY SCHOOL,36197098305101,KIRISWO PRIMARY SCHOOL,433
36,BOMET,197.0,BOMET CENTRAL,983.0,SINGORWET,95,CHEPTUYET PRIMARY SCHOOL,36197098309501,CHEPTUYET PRIMARY SCHOOL,221
36,BOMET,197.0,BOMET CENTRAL,984.0,CHESOEN,52,SEGUTIET PRIMARY SCHOOL,36197098405201,SEGUTIET PRIMARY SCHOOL,563
36,BOMET,197.0,BOMET CENTRAL,984.0,CHESOEN,52,SEGUTIET PRIMARY SCHOOL,36197098405202,SEGUTIET PRIMARY SCHOOL,562
36,BOMET,197.0,BOMET CENTRAL,984.0,CHESOEN,53,MORIT PRIMARY SCHOOL,36197098405301,MORIT PRIMARY SCHOOL,534
36,BOMET,197.0,BOMET CENTRAL,984.0,CHESOEN,53,MORIT PRIMARY SCHOOL,36197098405302,MORIT PRIMARY SCHOOL,533
36,BOMET,197.0,BOMET CENTRAL,984.0,CHESOEN,54,NGOMWET PRIMARY SCHOOL,36197098405401,NGOMWET PRIMARY SCHOOL,512
36,BOMET,197.0,BOMET CENTRAL,984.0,CHESOEN,54,NGOMWET PRIMARY SCHOOL,36197098405402,NGOMWET PRIMARY SCHOOL,512
36,BOMET,197.0,BOMET CENTRAL,984.0,CHESOEN,55,CHESOEN PRIMARY SCHOOL,36197098405501,CHESOEN PRIMARY SCHOOL,681
36,BOMET,197.0,BOMET CENTRAL,984.0,CHESOEN,55,CHESOEN PRIMARY SCHOOL,36197098405502,CHESOEN PRIMARY SCHOOL,681
36,BOMET,197.0,BOMET CENTRAL,984.0,CHESOEN,56,TAABET PRIMARY SCHOOL,36197098405601,TAABET PRIMARY SCHOOL,669
36,BOMET,197.0,BOMET CENTRAL,984.0,CHESOEN,56,TAABET PRIMARY SCHOOL,36197098405602,TAABET PRIMARY SCHOOL,669
36,BOMET,197.0,BOMET CENTRAL,984.0,CHESOEN,57,KIPLELJI PRIMARY SCHOOL,36197098405701,KIPLELJI PRIMARY SCHOOL,460
36,BOMET,197.0,BOMET CENTRAL,984.0,CHESOEN,57,KIPLELJI PRIMARY SCHOOL,36197098405702,KIPLELJI PRIMARY SCHOOL,460
36,BOMET,197.0,BOMET CENTRAL,984.0,CHESOEN,58,KAPKOROS HEALTH CENTRE,36197098405801,KAPKOROS HEALTH CENTRE,533
36,BOMET,197.0,BOMET CENTRAL,984.0,CHESOEN,58,KAPKOROS HEALTH CENTRE,36197098405802,KAPKOROS HEALTH CENTRE,532
36,BOMET,197.0,BOMET CENTRAL,984.0,CHESOEN,59,KIMARGIS PRIMARY SCHOOL,36197098405901,KIMARGIS PRIMARY SCHOOL,381
36,BOMET,197.0,BOMET CENTRAL,984.0,CHESOEN,59,KIMARGIS PRIMARY SCHOOL,36197098405902,KIMARGIS PRIMARY SCHOOL,381
36,BOMET,197.0,BOMET CENTRAL,984.0,CHESOEN,60,KIPLOKYI PRIMARY SCHOOL,36197098406001,KIPLOKYI PRIMARY SCHOOL,515
36,BOMET,197.0,BOMET CENTRAL,984.0,CHESOEN,60,KIPLOKYI PRIMARY SCHOOL,36197098406002,KIPLOKYI PRIMARY SCHOOL,515
36,BOMET,197.0,BOMET CENTRAL,984.0,CHESOEN,61,TABAITA TEA BUYING CENTRE - KP 026,36197098406101,TABAITA TEA BUYING CENTRE - KP 026,358
36,BOMET,197.0,BOMET CENTRAL,984.0,CHESOEN,62,KITAIMA PRIMARY SCHOOL,36197098406201,KITAIMA PRIMARY SCHOOL,534
36,BOMET,197.0,BOMET CENTRAL,984.0,CHESOEN,62,KITAIMA PRIMARY SCHOOL,36197098406202,KITAIMA PRIMARY SCHOOL,533
36,BOMET,197.0,BOMET CENTRAL,984.0,CHESOEN,63,SIBAIYAN PRIMARY SCHOOL,36197098406301,SIBAIYAN PRIMARY SCHOOL,356
36,BOMET,197.0,BOMET CENTRAL,984.0,CHESOEN,63,SIBAIYAN PRIMARY SCHOOL,36197098406302,SIBAIYAN PRIMARY SCHOOL,356
36,BOMET,197.0,BOMET CENTRAL,984.0,CHESOEN,64,KAPKISIARA TEA BUYING CENTRE,36197098406401,KAPKISIARA TEA BUYING CENTRE,419
36,BOMET,197.0,BOMET CENTRAL,984.0,CHESOEN,64,KAPKISIARA TEA BUYING CENTRE,36197098406402,KAPKISIARA TEA BUYING CENTRE,419
36,BOMET,197.0,BOMET CENTRAL,984.0,CHESOEN,65,SEGUTIET DISPENSARY,36197098406501,SEGUTIET DISPENSARY,674
36,BOMET,197.0,BOMET CENTRAL,984.0,CHESOEN,65,SEGUTIET DISPENSARY,36197098406502,SEGUTIET DISPENSARY,674
36,BOMET,197.0,BOMET CENTRAL,984.0,CHESOEN,66,KWARE TEA BUYING CENTRE,36197098406601,KWARE TEA BUYING CENTRE,399
36,BOMET,197.0,BOMET CENTRAL,984.0,CHESOEN,67,SERGUTIET TEA BUYING CENTRE,36197098406701,SERGUTIET TEA BUYING CENTRE,582
36,BOMET,197.0,BOMET CENTRAL,984.0,CHESOEN,67,SERGUTIET TEA BUYING CENTRE,36197098406702,SERGUTIET TEA BUYING CENTRE,581
36,BOMET,197.0,BOMET CENTRAL,984.0,CHESOEN,68,CHEPTEMBE PRIMARY SCHOOL,36197098406801,CHEPTEMBE PRIMARY SCHOOL,328
36,BOMET,197.0,BOMET CENTRAL,984.0,CHESOEN,69,SERGUTIET PRIMARY SCHOOL,36197098406901,SERGUTIET PRIMARY SCHOOL,325
36,BOMET,197.0,BOMET CENTRAL,984.0,CHESOEN,70,MAASET PRIMARY SCHOOL,36197098407001,MAASET PRIMARY SCHOOL,396
36,BOMET,197.0,BOMET CENTRAL,984.0,CHESOEN,70,MAASET PRIMARY SCHOOL,36197098407002,MAASET PRIMARY SCHOOL,396
36,BOMET,197.0,BOMET CENTRAL,984.0,CHESOEN,71,KAPMOBIRIRI PRIMARY SCHOOL,36197098407101,KAPMOBIRIRI PRIMARY SCHOOL,493
36,BOMET,197.0,BOMET CENTRAL,985.0,MUTARAKWA,72,LELDAET PRIMARY SCHOOL,36197098507201,LELDAET PRIMARY SCHOOL,385
36,BOMET,197.0,BOMET CENTRAL,985.0,MUTARAKWA,72,LELDAET PRIMARY SCHOOL,36197098507202,LELDAET PRIMARY SCHOOL,385
36,BOMET,197.0,BOMET CENTRAL,985.0,MUTARAKWA,73,MUIYWEK PRIMARY SCHOOL,36197098507301,MUIYWEK PRIMARY SCHOOL,571
36,BOMET,197.0,BOMET CENTRAL,985.0,MUTARAKWA,73,MUIYWEK PRIMARY SCHOOL,36197098507302,MUIYWEK PRIMARY SCHOOL,570
36,BOMET,197.0,BOMET CENTRAL,985.0,MUTARAKWA,74,SACHANG WAN PRIMARY SCHOOL,36197098507401,SACHANG WAN PRIMARY SCHOOL,516
36,BOMET,197.0,BOMET CENTRAL,985.0,MUTARAKWA,74,SACHANG WAN PRIMARY SCHOOL,36197098507402,SACHANG WAN PRIMARY SCHOOL,515
36,BOMET,197.0,BOMET CENTRAL,985.0,MUTARAKWA,75,TARAKWA PRIMARY SCHOOL,36197098507501,TARAKWA PRIMARY SCHOOL,509
36,BOMET,197.0,BOMET CENTRAL,985.0,MUTARAKWA,75,TARAKWA PRIMARY SCHOOL,36197098507502,TARAKWA PRIMARY SCHOOL,508
36,BOMET,197.0,BOMET CENTRAL,985.0,MUTARAKWA,76,CHEBULU PRIMARY SCHOOL,36197098507601,CHEBULU PRIMARY SCHOOL,426
36,BOMET,197.0,BOMET CENTRAL,985.0,MUTARAKWA,77,KANUSIN PRIMARY SCHOOL,36197098507701,KANUSIN PRIMARY SCHOOL,430
36,BOMET,197.0,BOMET CENTRAL,985.0,MUTARAKWA,77,KANUSIN PRIMARY SCHOOL,36197098507702,KANUSIN PRIMARY SCHOOL,430
36,BOMET,197.0,BOMET CENTRAL,985.0,MUTARAKWA,78,NJORWET PRIMARY SCHOOL,36197098507801,NJORWET PRIMARY SCHOOL,496
36,BOMET,197.0,BOMET CENTRAL,985.0,MUTARAKWA,79,OLDABACH PRIMARY SCHOOL,36197098507901,OLDABACH PRIMARY SCHOOL,457
36,BOMET,197.0,BOMET CENTRAL,985.0,MUTARAKWA,80,CHANGINA PRIMARY SCHOOL,36197098508001,CHANGINA PRIMARY SCHOOL,618
36,BOMET,197.0,BOMET CENTRAL,985.0,MUTARAKWA,81,KAPSANG ARU PRIMARY SCHOOL,36197098508101,KAPSANG ARU PRIMARY SCHOOL,648
36,BOMET,197.0,BOMET CENTRAL,985.0,MUTARAKWA,82,SOLYOT PRIMARY SCHOOL,36197098508201,SOLYOT PRIMARY SCHOOL,395
36,BOMET,197.0,BOMET CENTRAL,985.0,MUTARAKWA,82,SOLYOT PRIMARY SCHOOL,36197098508202,SOLYOT PRIMARY SCHOOL,394
36,BOMET,197.0,BOMET CENTRAL,985.0,MUTARAKWA,83,KIPSIWON PRIMARY SCHOOL,36197098508301,KIPSIWON PRIMARY SCHOOL,526
36,BOMET,197.0,BOMET CENTRAL,985.0,MUTARAKWA,84,LULUSIK PRIMARY SCHOOL,36197098508401,LULUSIK PRIMARY SCHOOL,430
36,BOMET,197.0,BOMET CENTRAL,985.0,MUTARAKWA,85,NG OCHO PRIMARY SCHOOL,36197098508501,NG OCHO PRIMARY SCHOOL,449
36,BOMET,197.0,BOMET CENTRAL,985.0,MUTARAKWA,86,KIPTERGEKIAN PRIMARY SCHOOL,36197098508601,KIPTERGEKIAN PRIMARY SCHOOL,520
36,BOMET,197.0,BOMET CENTRAL,985.0,MUTARAKWA,87,TAABOK PRIMARY SCHOOL,36197098508701,TAABOK PRIMARY SCHOOL,219
36,BOMET,197.0,BOMET CENTRAL,985.0,MUTARAKWA,88,CHEBITET PRIMARYSCHOOL,36197098508801,CHEBITET PRIMARYSCHOOL,373
36,BOMET,197.0,BOMET CENTRAL,985.0,MUTARAKWA,96,NYAGA PRIMARY SCHOOL,36197098509601,NYAGA PRIMARY SCHOOL,264
36,BOMET,197.0,BOMET CENTRAL,985.0,MUTARAKWA,97,CHEBEIYAN PRIMARY SCHOOL,36197098509701,CHEBEIYAN PRIMARY SCHOOL,261
36,BOMET,198.0,KONOIN,986.0,CHEPCHABAS,1,MARINYIN PRIMARY SCHOOL,36198098600101,MARINYIN PRIMARY SCHOOL,680
36,BOMET,198.0,KONOIN,986.0,CHEPCHABAS,2,KITUMBE PRIMARY SCHOOL,36198098600201,KITUMBE PRIMARY SCHOOL,531
36,BOMET,198.0,KONOIN,986.0,CHEPCHABAS,2,KITUMBE PRIMARY SCHOOL,36198098600202,KITUMBE PRIMARY SCHOOL,530
36,BOMET,198.0,KONOIN,986.0,CHEPCHABAS,3,CHANGANA SOCIAL HALL,36198098600301,CHANGANA SOCIAL HALL,670
36,BOMET,198.0,KONOIN,986.0,CHEPCHABAS,4,CHEMASINGI PRIMARY SCHOOL,36198098600401,CHEMASINGI PRIMARY SCHOOL,388
36,BOMET,198.0,KONOIN,986.0,CHEPCHABAS,4,CHEMASINGI PRIMARY SCHOOL,36198098600402,CHEMASINGI PRIMARY SCHOOL,387
36,BOMET,198.0,KONOIN,986.0,CHEPCHABAS,5,CHEPTABES SOCIAL HALL,36198098600501,CHEPTABES SOCIAL HALL,661
36,BOMET,198.0,KONOIN,986.0,CHEPCHABAS,6,TENDWET PRIMARY SCHOOL,36198098600601,TENDWET PRIMARY SCHOOL,406
36,BOMET,198.0,KONOIN,986.0,CHEPCHABAS,6,TENDWET PRIMARY SCHOOL,36198098600602,TENDWET PRIMARY SCHOOL,406
36,BOMET,198.0,KONOIN,986.0,CHEPCHABAS,7,CHEMAMUL PRIMARY SCHOOL,36198098600701,CHEMAMUL PRIMARY SCHOOL,446
36,BOMET,198.0,KONOIN,986.0,CHEPCHABAS,8,CHEPCHABAS PRIMARY SCHOOL,36198098600801,CHEPCHABAS PRIMARY SCHOOL,575
36,BOMET,198.0,KONOIN,986.0,CHEPCHABAS,8,CHEPCHABAS PRIMARY SCHOOL,36198098600802,CHEPCHABAS PRIMARY SCHOOL,574
36,BOMET,198.0,KONOIN,986.0,CHEPCHABAS,9,CHEMOGO SOCIAL HALL,36198098600901,CHEMOGO SOCIAL HALL,398
36,BOMET,198.0,KONOIN,986.0,CHEPCHABAS,10,CHANGOI SOCIAL HALL,36198098601001,CHANGOI SOCIAL HALL,455
36,BOMET,198.0,KONOIN,986.0,CHEPCHABAS,11,KAPKWEN SOCIAL HALL,36198098601101,KAPKWEN SOCIAL HALL,255
36,BOMET,198.0,KONOIN,986.0,CHEPCHABAS,12,SOET SOCIAL HALL,36198098601201,SOET SOCIAL HALL,317
36,BOMET,198.0,KONOIN,986.0,CHEPCHABAS,13,KORUMA PRIMARY SCHOOL,36198098601301,KORUMA PRIMARY SCHOOL,637
36,BOMET,198.0,KONOIN,986.0,CHEPCHABAS,14,LELSA PRIMARY SCHOOL,36198098601401,LELSA PRIMARY SCHOOL,268
36,BOMET,198.0,KONOIN,986.0,CHEPCHABAS,15,CHEBAIBAI TEA BUYING CENTER,36198098601501,CHEBAIBAI TEA BUYING CENTER,579
36,BOMET,198.0,KONOIN,986.0,CHEPCHABAS,120,KABOISYO TBC,36198098612001,KABOISYO TBC,153
36,BOMET,198.0,KONOIN,987.0,KIMULOT,16,CHEMALAL PRIMARY SCHOOL,36198098701601,CHEMALAL PRIMARY SCHOOL,640
36,BOMET,198.0,KONOIN,987.0,KIMULOT,16,CHEMALAL PRIMARY SCHOOL,36198098701602,CHEMALAL PRIMARY SCHOOL,640
36,BOMET,198.0,KONOIN,987.0,KIMULOT,17,KAPKILAIBEI PRIMARY SCHOOL,36198098701701,KAPKILAIBEI PRIMARY SCHOOL,532
36,BOMET,198.0,KONOIN,987.0,KIMULOT,17,KAPKILAIBEI PRIMARY SCHOOL,36198098701702,KAPKILAIBEI PRIMARY SCHOOL,532
36,BOMET,198.0,KONOIN,987.0,KIMULOT,17,KAPKILAIBEI PRIMARY SCHOOL,36198098701703,KAPKILAIBEI PRIMARY SCHOOL,531
36,BOMET,198.0,KONOIN,987.0,KIMULOT,18,MUGENYI PRIMARY SCHOOL,36198098701801,MUGENYI PRIMARY SCHOOL,469
36,BOMET,198.0,KONOIN,987.0,KIMULOT,18,MUGENYI PRIMARY SCHOOL,36198098701802,MUGENYI PRIMARY SCHOOL,469
36,BOMET,198.0,KONOIN,987.0,KIMULOT,19,KAPSET PRIMARY SCHOOL,36198098701901,KAPSET PRIMARY SCHOOL,584
36,BOMET,198.0,KONOIN,987.0,KIMULOT,19,KAPSET PRIMARY SCHOOL,36198098701902,KAPSET PRIMARY SCHOOL,584
36,BOMET,198.0,KONOIN,987.0,KIMULOT,20,KIMULOT PRIMARY SCHOOL,36198098702001,KIMULOT PRIMARY SCHOOL,490
36,BOMET,198.0,KONOIN,987.0,KIMULOT,20,KIMULOT PRIMARY SCHOOL,36198098702002,KIMULOT PRIMARY SCHOOL,490
36,BOMET,198.0,KONOIN,987.0,KIMULOT,20,KIMULOT PRIMARY SCHOOL,36198098702003,KIMULOT PRIMARY SCHOOL,489
36,BOMET,198.0,KONOIN,987.0,KIMULOT,21,MURGUIYWET NURSERY SCHOOL,36198098702101,MURGUIYWET NURSERY SCHOOL,420
36,BOMET,198.0,KONOIN,987.0,KIMULOT,21,MURGUIYWET NURSERY SCHOOL,36198098702102,MURGUIYWET NURSERY SCHOOL,419
36,BOMET,198.0,KONOIN,987.0,KIMULOT,22,CHEBANG'ANG PRIMARY SCHOOL,36198098702201,CHEBANG'ANG PRIMARY SCHOOL,429
36,BOMET,198.0,KONOIN,987.0,KIMULOT,22,CHEBANG'ANG PRIMARY SCHOOL,36198098702202,CHEBANG'ANG PRIMARY SCHOOL,428
36,BOMET,198.0,KONOIN,987.0,KIMULOT,23,NYOIKENO PRIMARY SCHOOL,36198098702301,NYOIKENO PRIMARY SCHOOL,383
36,BOMET,198.0,KONOIN,987.0,KIMULOT,23,NYOIKENO PRIMARY SCHOOL,36198098702302,NYOIKENO PRIMARY SCHOOL,383
36,BOMET,198.0,KONOIN,987.0,KIMULOT,24,SANGWA PRIMARY SCHOOL,36198098702401,SANGWA PRIMARY SCHOOL,369
36,BOMET,198.0,KONOIN,987.0,KIMULOT,24,SANGWA PRIMARY SCHOOL,36198098702402,SANGWA PRIMARY SCHOOL,368
36,BOMET,198.0,KONOIN,987.0,KIMULOT,25,KIBITGOI PRIMARY SCHOOL,36198098702501,KIBITGOI PRIMARY SCHOOL,488
36,BOMET,198.0,KONOIN,987.0,KIMULOT,26,CHEPKOK NURSERY SCHOOL,36198098702601,CHEPKOK NURSERY SCHOOL,356
36,BOMET,198.0,KONOIN,987.0,KIMULOT,26,CHEPKOK NURSERY SCHOOL,36198098702602,CHEPKOK NURSERY SCHOOL,355
36,BOMET,198.0,KONOIN,987.0,KIMULOT,27,KAPSENGERE PRIMARY SCHOOL,36198098702701,KAPSENGERE PRIMARY SCHOOL,349
36,BOMET,198.0,KONOIN,987.0,KIMULOT,28,KIPTENDEN NURSERY SCHOOL,36198098702801,KIPTENDEN NURSERY SCHOOL,380
36,BOMET,198.0,KONOIN,987.0,KIMULOT,29,KOITALEL TEA BUYING CENTER,36198098702901,KOITALEL TEA BUYING CENTER,289
36,BOMET,198.0,KONOIN,987.0,KIMULOT,121,CHELOINO PRIMARY SCHOOL,36198098712101,CHELOINO PRIMARY SCHOOL,222
36,BOMET,198.0,KONOIN,987.0,KIMULOT,122,CHEPWONGO PRIMARY SCHOOL,36198098712201,CHEPWONGO PRIMARY SCHOOL,233
36,BOMET,198.0,KONOIN,988.0,MOGOGOSIEK,30,NGERERIT PRIMARY SCHOOL,36198098803001,NGERERIT PRIMARY SCHOOL,528
36,BOMET,198.0,KONOIN,988.0,MOGOGOSIEK,31,KAPRORET PRIMARY SCHOOL,36198098803101,KAPRORET PRIMARY SCHOOL,438
36,BOMET,198.0,KONOIN,988.0,MOGOGOSIEK,31,KAPRORET PRIMARY SCHOOL,36198098803102,KAPRORET PRIMARY SCHOOL,437
36,BOMET,198.0,KONOIN,988.0,MOGOGOSIEK,32,MOGOGOSIEK TOWNSHIP PRIMARY SCHOOL,36198098803201,MOGOGOSIEK TOWNSHIP PRIMARY SC,675
36,BOMET,198.0,KONOIN,988.0,MOGOGOSIEK,32,MOGOGOSIEK TOWNSHIP PRIMARY SCHOOL,36198098803202,MOGOGOSIEK TOWNSHIP PRIMARY SC,675
36,BOMET,198.0,KONOIN,988.0,MOGOGOSIEK,33,KIMORI PRIMARY SCHOOL,36198098803301,KIMORI PRIMARY SCHOOL,386
36,BOMET,198.0,KONOIN,988.0,MOGOGOSIEK,33,KIMORI PRIMARY SCHOOL,36198098803302,KIMORI PRIMARY SCHOOL,385
36,BOMET,198.0,KONOIN,988.0,MOGOGOSIEK,34,CHEPKOCHUN PRIMARY SCHOOL,36198098803401,CHEPKOCHUN PRIMARY SCHOOL,433
36,BOMET,198.0,KONOIN,988.0,MOGOGOSIEK,34,CHEPKOCHUN PRIMARY SCHOOL,36198098803402,CHEPKOCHUN PRIMARY SCHOOL,432
36,BOMET,198.0,KONOIN,988.0,MOGOGOSIEK,35,MOGONJET PRIMARY SCHOOL,36198098803501,MOGONJET PRIMARY SCHOOL,616
36,BOMET,198.0,KONOIN,988.0,MOGOGOSIEK,36,KOIWA SECONDARY SCHOOL,36198098803601,KOIWA SECONDARY SCHOOL,431
36,BOMET,198.0,KONOIN,988.0,MOGOGOSIEK,37,KOIWA PRIMARY SCHOOL,36198098803701,KOIWA PRIMARY SCHOOL,511
36,BOMET,198.0,KONOIN,988.0,MOGOGOSIEK,37,KOIWA PRIMARY SCHOOL,36198098803702,KOIWA PRIMARY SCHOOL,510
36,BOMET,198.0,KONOIN,988.0,MOGOGOSIEK,38,SEANIN PRIMARY SCHOOL,36198098803801,SEANIN PRIMARY SCHOOL,508
36,BOMET,198.0,KONOIN,988.0,MOGOGOSIEK,39,RERENDET PRIMARY SCHOOL,36198098803901,RERENDET PRIMARY SCHOOL,471
36,BOMET,198.0,KONOIN,988.0,MOGOGOSIEK,39,RERENDET PRIMARY SCHOOL,36198098803902,RERENDET PRIMARY SCHOOL,471
36,BOMET,198.0,KONOIN,988.0,MOGOGOSIEK,39,RERENDET PRIMARY SCHOOL,36198098803903,RERENDET PRIMARY SCHOOL,470
36,BOMET,198.0,KONOIN,988.0,MOGOGOSIEK,40,KETIK SOMOK PRIMARY SCH.OOL,36198098804001,KETIK SOMOK PRIMARY SCH.OOL,591
36,BOMET,198.0,KONOIN,988.0,MOGOGOSIEK,41,CHONGENWO PRIMARY SCHOOL,36198098804101,CHONGENWO PRIMARY SCHOOL,351
36,BOMET,198.0,KONOIN,988.0,MOGOGOSIEK,41,CHONGENWO PRIMARY SCHOOL,36198098804102,CHONGENWO PRIMARY SCHOOL,351
36,BOMET,198.0,KONOIN,988.0,MOGOGOSIEK,42,RUSEYA PRIMARY SCHOOL,36198098804201,RUSEYA PRIMARY SCHOOL,388
36,BOMET,198.0,KONOIN,988.0,MOGOGOSIEK,43,SASETA PRIMARY SCHOOL,36198098804301,SASETA PRIMARY SCHOOL,478
36,BOMET,198.0,KONOIN,988.0,MOGOGOSIEK,43,SASETA PRIMARY SCHOOL,36198098804302,SASETA PRIMARY SCHOOL,477
36,BOMET,198.0,KONOIN,988.0,MOGOGOSIEK,44,CHEPTINGTING PRIMARY SCHOOL,36198098804401,CHEPTINGTING PRIMARY SCHOOL,603
36,BOMET,198.0,KONOIN,988.0,MOGOGOSIEK,45,CHEKELIEK NURSERY SCHOOL,36198098804501,CHEKELIEK NURSERY SCHOOL,511
36,BOMET,198.0,KONOIN,988.0,MOGOGOSIEK,46,CHEMOSOREN NURSERY SCHOOL,36198098804601,CHEMOSOREN NURSERY SCHOOL,505
36,BOMET,198.0,KONOIN,988.0,MOGOGOSIEK,47,CHORWET PRIMARY SCHOOL,36198098804701,CHORWET PRIMARY SCHOOL,507
36,BOMET,198.0,KONOIN,988.0,MOGOGOSIEK,47,CHORWET PRIMARY SCHOOL,36198098804702,CHORWET PRIMARY SCHOOL,506
36,BOMET,198.0,KONOIN,988.0,MOGOGOSIEK,48,RUSEYA TEA BUYING CENTER,36198098804801,RUSEYA TEA BUYING CENTER,432
36,BOMET,198.0,KONOIN,988.0,MOGOGOSIEK,49,KIPKELOK PRIMARY SCHOOL,36198098804901,KIPKELOK PRIMARY SCHOOL,373
36,BOMET,198.0,KONOIN,988.0,MOGOGOSIEK,50,NYAGESO NURSERY SCHOOL,36198098805001,NYAGESO NURSERY SCHOOL,457
36,BOMET,198.0,KONOIN,988.0,MOGOGOSIEK,51,TEBESWET HALL,36198098805101,TEBESWET HALL,406
36,BOMET,198.0,KONOIN,988.0,MOGOGOSIEK,51,TEBESWET HALL,36198098805102,TEBESWET HALL,405
36,BOMET,198.0,KONOIN,988.0,MOGOGOSIEK,52,KIPTEMENIO NURSERY SCHOOL,36198098805201,KIPTEMENIO NURSERY SCHOOL,424
36,BOMET,198.0,KONOIN,988.0,MOGOGOSIEK,53,N.CHEBELYON PRIMARY SCHOOL,36198098805301,N.CHEBELYON PRIMARY SCHOOL,242
36,BOMET,198.0,KONOIN,988.0,MOGOGOSIEK,54,KAPKEN PRIMARY SCHOOL,36198098805401,KAPKEN PRIMARY SCHOOL,467
36,BOMET,198.0,KONOIN,988.0,MOGOGOSIEK,55,LEBEKYET NURSERY SCHOOL,36198098805501,LEBEKYET NURSERY SCHOOL,487
36,BOMET,198.0,KONOIN,988.0,MOGOGOSIEK,123,SAPTET PRIMARY SCHOOL,36198098812301,SAPTET PRIMARY SCHOOL,216
36,BOMET,198.0,KONOIN,988.0,MOGOGOSIEK,124,KIBANJALAL PRIMARY SCHOOL,36198098812401,KIBANJALAL PRIMARY SCHOOL,95
36,BOMET,198.0,KONOIN,988.0,MOGOGOSIEK,126,CHENACHO PRIMARY SCHOOL,36198098812601,CHENACHO PRIMARY SCHOOL,97
36,BOMET,198.0,KONOIN,988.0,MOGOGOSIEK,127,TABAITA PRIMARY SCHOOL,36198098812701,TABAITA PRIMARY SCHOOL,323
36,BOMET,198.0,KONOIN,989.0,BOITO,56,KAPTIEN PRIMARY SCHOOL,36198098905601,KAPTIEN PRIMARY SCHOOL,610
36,BOMET,198.0,KONOIN,989.0,BOITO,57,BESIOBEI PRIMARY SCHOOL,36198098905701,BESIOBEI PRIMARY SCHOOL,607
36,BOMET,198.0,KONOIN,989.0,BOITO,58,KAPTEBENGWET PRIMARY SCHOOL,36198098905801,KAPTEBENGWET PRIMARY SCHOOL,496
36,BOMET,198.0,KONOIN,989.0,BOITO,59,MICHIRA PRIMARY SCHOOL,36198098905901,MICHIRA PRIMARY SCHOOL,545
36,BOMET,198.0,KONOIN,989.0,BOITO,60,KAMAGOMON PRIMARY SCHOOL,36198098906001,KAMAGOMON PRIMARY SCHOOL,465
36,BOMET,198.0,KONOIN,989.0,BOITO,60,KAMAGOMON PRIMARY SCHOOL,36198098906002,KAMAGOMON PRIMARY SCHOOL,465
36,BOMET,198.0,KONOIN,989.0,BOITO,61,CHEPTABACH PRIMARY SCHOOL,36198098906101,CHEPTABACH PRIMARY SCHOOL,619
36,BOMET,198.0,KONOIN,989.0,BOITO,62,BOITO PRIMARY SCHOOL,36198098906201,BOITO PRIMARY SCHOOL,639
36,BOMET,198.0,KONOIN,989.0,BOITO,62,BOITO PRIMARY SCHOOL,36198098906202,BOITO PRIMARY SCHOOL,638
36,BOMET,198.0,KONOIN,989.0,BOITO,63,KENYAGORO PRIMARY SCHOOL,36198098906301,KENYAGORO PRIMARY SCHOOL,582
36,BOMET,198.0,KONOIN,989.0,BOITO,63,KENYAGORO PRIMARY SCHOOL,36198098906302,KENYAGORO PRIMARY SCHOOL,582
36,BOMET,198.0,KONOIN,989.0,BOITO,64,CHEMELET PRIMARY SCHOOL,36198098906401,CHEMELET PRIMARY SCHOOL,404
36,BOMET,198.0,KONOIN,989.0,BOITO,65,KABIANGEK PRIMARY SCHOOL,36198098906501,KABIANGEK PRIMARY SCHOOL,528
36,BOMET,198.0,KONOIN,989.0,BOITO,66,KAPSIR PRIMARY SCHOOL,36198098906601,KAPSIR PRIMARY SCHOOL,427
36,BOMET,198.0,KONOIN,989.0,BOITO,66,KAPSIR PRIMARY SCHOOL,36198098906602,KAPSIR PRIMARY SCHOOL,426
36,BOMET,198.0,KONOIN,989.0,BOITO,67,KAPTEMBWO PRIMARY SCHOOL,36198098906701,KAPTEMBWO PRIMARY SCHOOL,406
36,BOMET,198.0,KONOIN,989.0,BOITO,67,KAPTEMBWO PRIMARY SCHOOL,36198098906702,KAPTEMBWO PRIMARY SCHOOL,405
36,BOMET,198.0,KONOIN,989.0,BOITO,68,KOITALEL PRIMARY SCHOOL,36198098906801,KOITALEL PRIMARY SCHOOL,550
36,BOMET,198.0,KONOIN,989.0,BOITO,69,CHEIBEI PRIMARY SCHOOL,36198098906901,CHEIBEI PRIMARY SCHOOL,531
36,BOMET,198.0,KONOIN,989.0,BOITO,70,KEBUMBUR PRIMARY SCHOOL,36198098907001,KEBUMBUR PRIMARY SCHOOL,663
36,BOMET,198.0,KONOIN,989.0,BOITO,71,KAPSEBETET NURSERY SCHOOL,36198098907101,KAPSEBETET NURSERY SCHOOL,587
36,BOMET,198.0,KONOIN,989.0,BOITO,72,KIPTIGET PRIMARY SCHOOL,36198098907201,KIPTIGET PRIMARY SCHOOL,329
36,BOMET,198.0,KONOIN,989.0,BOITO,73,TUIYOBEI PRIMARY SCHOOL,36198098907301,TUIYOBEI PRIMARY SCHOOL,232
36,BOMET,198.0,KONOIN,989.0,BOITO,74,ST.PETER'S BUSORETO PRIMARY SCHOOL,36198098907401,ST.PETER'S BUSORETO PRIMARY SCHOO,303
36,BOMET,198.0,KONOIN,989.0,BOITO,75,KIPRAISI PRIMARY SCHOOL,36198098907501,KIPRAISI PRIMARY SCHOOL,666
36,BOMET,198.0,KONOIN,989.0,BOITO,76,KAPCHEPKOLE HAMISI PRIMARY SCHOOL,36198098907601,KAPCHEPKOLE HAMISI PRIMARY SCHOO,408
36,BOMET,198.0,KONOIN,989.0,BOITO,77,CHEMAAN TEA BUYING CENTER,36198098907701,CHEMAAN TEA BUYING CENTER,602
36,BOMET,198.0,KONOIN,989.0,BOITO,78,SIMOTWET NURSERY SCHOOL,36198098907801,SIMOTWET NURSERY SCHOOL,365
36,BOMET,198.0,KONOIN,989.0,BOITO,78,SIMOTWET NURSERY SCHOOL,36198098907802,SIMOTWET NURSERY SCHOOL,364
36,BOMET,198.0,KONOIN,989.0,BOITO,79,KAPTIEN SOCIAL HALL,36198098907901,KAPTIEN SOCIAL HALL,242
36,BOMET,198.0,KONOIN,989.0,BOITO,80,KIMARI PRIMARY SCHOOL,36198098908001,KIMARI PRIMARY SCHOOL,433
36,BOMET,198.0,KONOIN,989.0,BOITO,80,KIMARI PRIMARY SCHOOL,36198098908002,KIMARI PRIMARY SCHOOL,433
36,BOMET,198.0,KONOIN,989.0,BOITO,81,KAPSIRATET NURSERY SCHOOL,36198098908101,KAPSIRATET NURSERY SCHOOL,292
36,BOMET,198.0,KONOIN,989.0,BOITO,82,KAPKOROS TEA BUYING CENTER,36198098908201,KAPKOROS TEA BUYING CENTER,413
36,BOMET,198.0,KONOIN,989.0,BOITO,83,ITARE SOCIAL HALL,36198098908301,ITARE SOCIAL HALL,203
36,BOMET,198.0,KONOIN,989.0,BOITO,128,CHEPTALAT TBC,36198098912801,CHEPTALAT TBC,207
36,BOMET,198.0,KONOIN,989.0,BOITO,129,KAPTEMBWO ECD,36198098912901,KAPTEMBWO ECD,54
36,BOMET,198.0,KONOIN,989.0,BOITO,130,NYAMARENDA PRIMARY SCHOOL,36198098913001,NYAMARENDA PRIMARY SCHOOL,177
36,BOMET,198.0,KONOIN,989.0,BOITO,131,KITAIMA PRIMARY SCHOOL,36198098913101,KITAIMA PRIMARY SCHOOL,121
36,BOMET,198.0,KONOIN,990.0,EMBOMOS,84,KIPTENDEN PRIMARY SCHOOL,36198099008401,KIPTENDEN PRIMARY SCHOOL,380
36,BOMET,198.0,KONOIN,990.0,EMBOMOS,84,KIPTENDEN PRIMARY SCHOOL,36198099008402,KIPTENDEN PRIMARY SCHOOL,380
36,BOMET,198.0,KONOIN,990.0,EMBOMOS,85,KOROITIK PRIMARY SCHOOL,36198099008501,KOROITIK PRIMARY SCHOOL,537
36,BOMET,198.0,KONOIN,990.0,EMBOMOS,86,KOBOR PRIMARY SCHOOL,36198099008601,KOBOR PRIMARY SCHOOL,369
36,BOMET,198.0,KONOIN,990.0,EMBOMOS,87,EMBOMOS PRIMARY SCHOOL,36198099008701,EMBOMOS PRIMARY SCHOOL,606
36,BOMET,198.0,KONOIN,990.0,EMBOMOS,88,TARGAMBEI TRADING CENTER,36198099008801,TARGAMBEI TRADING CENTER,271
36,BOMET,198.0,KONOIN,990.0,EMBOMOS,89,CHEBUGEN PRIMARY SCHOOL,36198099008901,CHEBUGEN PRIMARY SCHOOL,475
36,BOMET,198.0,KONOIN,990.0,EMBOMOS,90,SIOMO PRIMARY SCHOOL,36198099009001,SIOMO PRIMARY SCHOOL,172
36,BOMET,198.0,KONOIN,990.0,EMBOMOS,91,SIOMO CO-0PERATIVE SOCIETY HALL,36198099009101,SIOMO CO-0PERATIVE SOCIETY HALL,405
36,BOMET,198.0,KONOIN,990.0,EMBOMOS,91,SIOMO CO-0PERATIVE SOCIETY HALL,36198099009102,SIOMO CO-0PERATIVE SOCIETY HALL,405
36,BOMET,198.0,KONOIN,990.0,EMBOMOS,92,KIRIMOSE PRIMARY SCHOOL,36198099009201,KIRIMOSE PRIMARY SCHOOL,407
36,BOMET,198.0,KONOIN,990.0,EMBOMOS,92,KIRIMOSE PRIMARY SCHOOL,36198099009202,KIRIMOSE PRIMARY SCHOOL,407
36,BOMET,198.0,KONOIN,990.0,EMBOMOS,93,SOTIT PRIMARY SCHOOL,36198099009301,SOTIT PRIMARY SCHOOL,355
36,BOMET,198.0,KONOIN,990.0,EMBOMOS,93,SOTIT PRIMARY SCHOOL,36198099009302,SOTIT PRIMARY SCHOOL,355
36,BOMET,198.0,KONOIN,990.0,EMBOMOS,94,KIMARWANDI PRIMARY SCHOOL,36198099009401,KIMARWANDI PRIMARY SCHOOL,405
36,BOMET,198.0,KONOIN,990.0,EMBOMOS,94,KIMARWANDI PRIMARY SCHOOL,36198099009402,KIMARWANDI PRIMARY SCHOOL,405
36,BOMET,198.0,KONOIN,990.0,EMBOMOS,95,TABOINO PRIMARY SCHOOL,36198099009501,TABOINO PRIMARY SCHOOL,522
36,BOMET,198.0,KONOIN,990.0,EMBOMOS,95,TABOINO PRIMARY SCHOOL,36198099009502,TABOINO PRIMARY SCHOOL,521
36,BOMET,198.0,KONOIN,990.0,EMBOMOS,96,CHEPTALAL PRIMARY SCHOOL,36198099009601,CHEPTALAL PRIMARY SCHOOL,341
36,BOMET,198.0,KONOIN,990.0,EMBOMOS,97,KITALA PRIMARY SCHOOL,36198099009701,KITALA PRIMARY SCHOOL,395
36,BOMET,198.0,KONOIN,990.0,EMBOMOS,97,KITALA PRIMARY SCHOOL,36198099009702,KITALA PRIMARY SCHOOL,394
36,BOMET,198.0,KONOIN,990.0,EMBOMOS,98,AREGERIOT PRIMARY SCHOOL,36198099009801,AREGERIOT PRIMARY SCHOOL,426
36,BOMET,198.0,KONOIN,990.0,EMBOMOS,99,SATIET PRIMARY SCHOOL,36198099009901,SATIET PRIMARY SCHOOL,399
36,BOMET,198.0,KONOIN,990.0,EMBOMOS,99,SATIET PRIMARY SCHOOL,36198099009902,SATIET PRIMARY SCHOOL,398
36,BOMET,198.0,KONOIN,990.0,EMBOMOS,100,KUGERWET PRIMARY SCHOOL,36198099010001,KUGERWET PRIMARY SCHOOL,324
36,BOMET,198.0,KONOIN,990.0,EMBOMOS,101,MURAMET PRIMARY SCHOOL,36198099010101,MURAMET PRIMARY SCHOOL,396
36,BOMET,198.0,KONOIN,990.0,EMBOMOS,102,BOSTO PRIMARY SCHOOL,36198099010201,BOSTO PRIMARY SCHOOL,669
36,BOMET,198.0,KONOIN,990.0,EMBOMOS,103,SINENDOIK PRIMARY SCHOOL,36198099010301,SINENDOIK PRIMARY SCHOOL,383
36,BOMET,198.0,KONOIN,990.0,EMBOMOS,104,MESWONDO PRIMARY SCHOOL,36198099010401,MESWONDO PRIMARY SCHOOL,373
36,BOMET,198.0,KONOIN,990.0,EMBOMOS,104,MESWONDO PRIMARY SCHOOL,36198099010402,MESWONDO PRIMARY SCHOOL,373
36,BOMET,198.0,KONOIN,990.0,EMBOMOS,105,KOMIRMIR PRIMARY SCHOOL,36198099010501,KOMIRMIR PRIMARY SCHOOL,367
36,BOMET,198.0,KONOIN,990.0,EMBOMOS,106,KIMAECH PRIMARY SCHOOL,36198099010601,KIMAECH PRIMARY SCHOOL,581
36,BOMET,198.0,KONOIN,990.0,EMBOMOS,107,MOROMBO TEA BUYING CENTER,36198099010701,MOROMBO TEA BUYING CENTER,218
36,BOMET,198.0,KONOIN,990.0,EMBOMOS,108,SUGUTEK PRIMARY SCHOOL,36198099010801,SUGUTEK PRIMARY SCHOOL,138
36,BOMET,198.0,KONOIN,990.0,EMBOMOS,109,NDALELAI TEA BUYING CENTER,36198099010901,NDALELAI TEA BUYING CENTER,653
36,BOMET,198.0,KONOIN,990.0,EMBOMOS,110,KIPSIGIRIO TEA BUYING CENTER,36198099011001,KIPSIGIRIO TEA BUYING CENTER,304
36,BOMET,198.0,KONOIN,990.0,EMBOMOS,111,KABOMO TEA BUYING CENTER,36198099011101,KABOMO TEA BUYING CENTER,371
36,BOMET,198.0,KONOIN,990.0,EMBOMOS,112,TAARUT PRIMARY SCHOOL,36198099011201,TAARUT PRIMARY SCHOOL,282
36,BOMET,198.0,KONOIN,990.0,EMBOMOS,113,KABANDE TEA BUYING CENTER,36198099011301,KABANDE TEA BUYING CENTER,286
36,BOMET,198.0,KONOIN,990.0,EMBOMOS,114,KOBELGOR TEA BUYING CENTER,36198099011401,KOBELGOR TEA BUYING CENTER,465
36,BOMET,198.0,KONOIN,990.0,EMBOMOS,115,KIGONOR TEA BUYING CENTER,36198099011501,KIGONOR TEA BUYING CENTER,154
36,BOMET,198.0,KONOIN,990.0,EMBOMOS,116,TEREK PRIMARY SCHOOL,36198099011601,TEREK PRIMARY SCHOOL,638
36,BOMET,198.0,KONOIN,990.0,EMBOMOS,117,SITONIK PRIMARY SCHOOL,36198099011701,SITONIK PRIMARY SCHOOL,431
36,BOMET,198.0,KONOIN,990.0,EMBOMOS,118,LEBEKWET TEA BUYING CENTER,36198099011801,LEBEKWET TEA BUYING CENTER,326
36,BOMET,198.0,KONOIN,990.0,EMBOMOS,119,KUSUMEK,36198099011901,KUSUMEK,490
36,BOMET,198.0,KONOIN,990.0,EMBOMOS,125,KIMUTA PRIMARY SCHOOL,36198099012501,KIMUTA PRIMARY SCHOOL,153
36,BOMET,198.0,KONOIN,990.0,EMBOMOS,132,CHEPNYOIBEK PRIMARY SCHOOL,36198099013201,CHEPNYOIBEK PRIMARY SCHOOL,83
36,BOMET,198.0,KONOIN,990.0,EMBOMOS,133,LOBOKWO PRIMARY SCHOOL,36198099013301,LOBOKWO PRIMARY SCHOOL,59
36,BOMET,198.0,KONOIN,990.0,EMBOMOS,134,KIMUGUL PRIMARY SCHOOL,36198099013401,KIMUGUL PRIMARY SCHOOL,143
